ID,Predicted
001i000000NuQ6Y,0.040244434
001i000000NuQXz,0.10355646
001i000000NuRDC,0.013484429
001i000000NuQeg,0.009999923
001i000000NuOQc,0.06350839
001i000000NuPjO,0.0068439203
001i000000NuP34,0.0025746725
001i000000NuS8R,0.002394027
001i000000NuQTS,0.0028194592
001i000000NuOFe,0.004384807
001i000000NuNvp,0.004668913
001i000000NuO3e,0.0031333284
001i000000LhyXh,0.8984055
001i000000NuPsu,0.007253494
001i000000MJzTb,0.007253494
001i000000Q1Y0G,0.46407056
001i000000NuQa8,0.007253494
001i000000NuPt8,0.007253494
001i000000NuO77,0.0031333284
001i000000NuRGz,0.007253494
001i000000NuRRd,0.008738327
001i000000oks2Z,0.008075345
001i000000NuQNG,0.007253494
001i000000NuPUC,0.00075717963
001i000000NuPeS,0.007253494
001i000000NuQGr,0.006859696
001i000000NuPgl,0.0055664605
001i000000NuQaz,0.0058977185
001i000000NuNiC,0.002394027
001i000000NuQ8i,0.0054870886
001i000000NuQMI,0.0055664605
001i000000NuRuR,0.002394027
001i000000NuOX3,0.004384807
001i000000NuP9T,0.0016974516
001i000000NuPAE,0.0068439203
001i000000NuNpK,0.0029962612
001i000000NuRYX,0.002394027
001i000000NuO3x,0.004838294
001i000000NuR6z,0.30151176
001i000000NuOCs,0.004146102
001i000000NuRm0,0.002394027
001i000000oks2V,0.015521483
001i000000NuRWL,0.007253494
001i000000NuO9M,0.002050804
001i000000oks1x,0.011934579
001i000000NuS1j,0.002394027
001i000000MJzaB,0.002394027
001i000000NuQhR,0.006859696
001i000000NuOdP,0.0041150674
001i000000NuRGr,0.007253494
001i000000Li951,0.002394027
001i000000NuPD2,0.0056956066
001i000000LhyV6,0.8966737
001i000000NuOig,0.0023065896
001i000000NuPE7,0.00247624
001i000000elQzC,0.014586663
001i000000NuQfl,0.0033014573
001i000000NuPrY,0.009452157
001i000000NuOjD,0.001800986
001i000000NuRhn,0.002394027
001i000000NuOtw,0.009976998
001i000000NuOfX,0.009293907
001i000000NuRf2,0.002394027
001i000000NuQGW,0.006859696
001i000000oks1v,0.01421339
001i000000NuQPZ,0.010572075
001i000000NuPDU,0.009293907
001i000000NuOVK,0.07632518
001i000000MJzUc,0.002394027
001i000000NuQdK,0.006859696
001i000000NuNXG,0.002394027
001i000000NuRik,0.002394027
001i000000NuQmr,0.0063352794
001i000000NuRTA,0.007253494
001i000000LhyYo,0.89608717
001i000000NuOMq,0.0019376148
001i000000NuS49,0.002394027
001i000000NuQZv,0.0028194592
001i000000em18u,0.007253494
001i000000Lhya5,0.22142923
001i000000NuOM9,0.0020460647
001i000000MJzZr,0.002394027
001i000000NuQs8,0.007253494
001i000000NuR7Z,0.007253494
001i000000NuPm7,0.007253494
001i000000NuQbU,0.0037586244
001i000000NuOvH,0.0017202097
001i000000NuQpC,0.007253494
001i000000NuQy8,0.002394027
001i000000NuQuq,0.0055664605
001i000000NuR3n,0.002394027
001i000000NuPVm,0.014586663
001i000000NuQMX,0.0037586244
001i000000NuQRo,0.007253494
001i000000NuQwS,0.004059243
001i000000NuOjh,0.009452157
001i000000NuOZV,0.0021691385
001i000000NuQkK,0.009745299
001i000000NuOHk,0.0021691385
001i000000NuPtU,0.006027623
001i000000NuOOK,0.007253494
001i000000NuNhw,0.0021691385
001i000000NuQ0t,0.007253494
001i000000NuRbz,0.002394027
001i000000NuRKn,0.0055664605
001i000000NuQWd,0.009293907
001i000000NuPZE,0.009999923
001i000000NuR2u,0.002394027
001i000000MKXgt,0.002394027
001i000000NuPtW,0.0016658494
001i000000NuNxv,0.0028391895
001i000000NuQYl,0.0068439203
001i000000NuPYg,0.007253494
001i000000NuQja,0.007253494
001i000000MJzZJ,0.002394027
001i000000NuPPs,0.0055771135
001i000000NuR85,0.004117818
001i000000NuRWl,0.0064828163
001i000000NuP4U,0.009452157
001i000000N1vW1,0.002394027
001i000000NuPZ9,0.0060137487
001i000000NuOuX,0.009452157
001i000000NuRkY,0.002394027
001i000000NuPed,0.0028194592
001i000000NuNlr,0.007253494
001i000000NuRLv,0.0055664605
001i000000NuOQD,0.002050804
001i000000NuPTi,0.0009845447
001i000000NuQmW,0.0033014573
001i000000NuOZJ,0.004786219
001i000000NuPL1,0.0031689769
001i000000NuPWs,0.0026578067
001i000000NuNVg,0.0007134794
001i000000NuOVd,0.0021691385
001i000000NuPGw,0.002050804
001i000000MJzaN,0.002394027
001i000000NuOFm,0.016811486
001i000000NuPMM,0.0041083214
001i000000NuS23,0.002394027
001i000000LhyaR,0.7937042
001i000000NuPu1,0.0024705199
001i000000NuRFR,0.51014894
001i000000NuPxF,0.009999923
001i000000ZqfMa,0.002394027
001i000000NuRrl,0.002394027
001i000000NuROC,0.0097612105
001i000000NuOfu,0.007253494
001i000000NuRyh,0.002394027
001i000000NuPBD,0.0029893436
001i000000NuPkY,0.007253494
001i000000NuNWZ,0.007253494
001i000000NuQuW,0.0058977185
001i000000NuOMB,0.0020460647
001i000000NuRNU,0.0129057765
001i000000NuO34,0.0029962612
001i000000NuQ94,0.0033014573
001i000000NuPSw,0.0063352794
001i000000NuOn6,0.0073001236
001i000000NuRL7,0.015367145
001i000000NuOjY,0.0017995936
001i000000NuPPC,0.00637396
001i000000NuP1u,0.0031333284
001i000000LhyVR,0.9347155
001i000000NuPjb,0.0060137487
001i000000NuNmP,0.0041365405
001i000000NuQwW,0.002394027
001i000000MJzbq,0.002394027
001i000000NuOjI,0.0009845447
001i000000NuOrZ,0.002050804
001i000000NuPzN,0.007253494
001i000000NuObp,0.0013887024
001i000000NuPcJ,0.007253494
001i000000NuP2v,0.004146102
001i000000NuPQU,0.009976998
001i000000NuOCz,0.0021691385
001i000000NuS1U,0.002394027
001i000000LhyRX,0.80100435
001i000000oks3H,0.01729648
001i000000NuOvT,0.004067716
001i000000NuP9X,0.009999923
001i000000NuPEV,0.012934449
001i000000NuPob,0.0021691385
001i000000NuQse,0.00637396
001i000000NuRjJ,0.002394027
001i000000NuPhQ,0.0049924944
001i000000NuPb9,0.006027623
001i000000NuQZ7,0.007253494
001i000000NuPst,0.007253494
001i000000NuRxa,0.002394027
001i000000NuPqF,0.002394027
001i000000NuQ6u,0.0031088209
001i000000NuRSB,0.0030604913
001i000000NuQCq,0.006859696
001i000000NuQ4b,0.007253494
001i000000NuPok,0.002050804
001i000000NuO8F,0.009293907
001i000000NuPwQ,0.014586663
001i000000N1vVb,0.002394027
001i000000NuROq,0.007253494
001i000000LiKyj,0.002394027
001i000000NuNn6,0.00506159
001i000000NuRSy,0.009260214
001i000000NuRYo,0.002394027
001i000000NuRYp,0.005747682
001i000000NuNxm,0.0050079217
001i000000NuR1E,0.020577779
001i000000NuOqM,0.0008385757
001i000000NuREQ,0.01103408
001i000000NuNcP,0.0030540775
001i000000NuPrN,0.010572075
001i000000NuNvV,0.0022689656
001i000000NuQYd,0.007253494
001i000000NuOMA,0.0016658494
001i000000NuP6M,0.0011212401
001i000000NuQko,0.007253494
001i000000NuRh4,0.002394027
001i000000NuQTv,0.007253494
001i000000NuQD0,0.0059870374
001i000000NuPK9,0.0021691385
001i000000NuNsS,0.004408807
001i000000NuNrH,0.007253494
001i000000NuQqx,0.0029820136
001i000000NuOhK,0.00671462
001i000000NuQGR,0.007253494
001i000000Lhybr,0.87287045
001i000000NuQL1,0.0064828163
001i000000NuS7T,0.002394027
001i000000ZtB0Y,0.013330195
001i000000NuQtH,0.007253494
001i000000NuOQ0,0.010572075
001i000000NuQ4E,0.0064828163
001i000000NuSoh,0.011206026
001i000000P3q7j,0.40997505
001i000000NuPfR,0.007253494
001i000000NuRA0,0.00637396
001i000000NuRMv,0.006027623
001i000000Li95h,0.002394027
001i000000NuNWh,0.18734235
001i000000NuR6G,0.010572075
001i000000NuQo1,0.0060137487
001i000000NuO1i,0.0026782001
001i000000NuNjT,0.01744045
001i000000MJzb1,0.002394027
001i000000NuQsF,0.0055771135
001i000000NuQBl,0.0068439203
001i000000NuNW5,0.0034971614
001i000000Lhybq,0.87738806
001i000000NuPrl,0.0055771135
001i000000NuQUt,0.0033014573
001i000000NuOWE,0.011234667
001i000000NuQiP,0.00637396
001i000000NuO2X,0.004649484
001i000000NuPe6,0.0020460647
001i000000NuQEE,0.0026578067
001i000000LhyYb,0.8217166
001i000000NuNV4,0.0016681182
001i000000NuQ3t,0.0068439203
001i000000NuR9g,0.0055771135
001i000000NuQDK,0.007253494
001i000000NuOJo,0.0017214572
001i000000NuPxh,0.006859696
001i000000NuPcQ,0.0058723604
001i000000NuRSc,0.007253494
001i000000NuNps,0.013800276
001i000000NuPYw,0.006859696
001i000000ZtAP2,0.0068439203
001i000000NuP9N,0.014586663
001i000000NuOrg,0.004831033
001i000000NuRLI,0.009154126
001i000000NuPsM,0.0063352794
001i000000NuQBa,0.012302321
001i000000NuQo5,0.007253494
001i000000NuQ5A,0.007253494
001i000000NuPRO,0.007253494
001i000000NuP8d,0.0009845447
001i000000NuRMS,0.0030604913
001i000000NuQcv,0.19567539
001i000000NuOQU,0.0027663773
001i000000NuQfH,0.007253494
001i000000oks52,0.021578308
001i000000NuPyC,0.034430824
001i000000NuNYu,0.004146102
001i000000NuRjQ,0.002394027
001i000000NuNQh,0.15798639
001i000000NuOSN,0.004146102
001i000000NuQwA,0.002394027
001i000000NuQNC,0.0028129485
001i000000NuP2G,0.0020182387
001i000000LhycJ,0.667854
001i000000NuOMr,0.002198328
001i000000NuRfw,0.002394027
001i000000NuQW9,0.021578308
001i000000NuPga,0.00073631585
001i000000NuPPU,0.00637396
001i000000NuNnB,0.0034971614
001i000000NuOvC,0.0018507219
001i000000NuQgc,0.0068439203
001i000000LhyX0,0.6676507
001i000000MKXgy,0.0028129485
001i000000Li94O,0.0053126486
001i000000NuOOf,0.0015911245
001i000000NuO6F,0.0034971614
001i000000NuQeN,0.010572075
001i000000NuRPp,0.0028282688
001i000000NuOyH,0.0019926254
001i000000NuQrp,0.007253494
001i000000NuOSK,0.0014617243
001i000000NuRAN,0.0030604913
001i000000NuPl6,0.0029820136
001i000000NuR63,0.024479648
001i000000NuPiv,0.0068439203
001i000000NuRlm,0.002394027
001i000000NuON6,0.0018519617
001i000000NuQLm,0.007253494
001i000000NuQZ1,0.007253494
001i000000NuOR1,0.0020460647
001i000000NuQLb,0.006027623
001i000000NuQsZ,0.006859696
001i000000MJzTW,0.007253494
001i000000NuQn0,0.027225683
001i000000NuS0v,0.002394027
001i000000NuQMi,0.00637396
001i000000NuPYe,0.009293907
001i000000NuNaP,0.004649484
001i000000NuR1Q,0.002394027
001i000000NuPGb,0.00476228
001i000000NuNqK,0.009999923
001i000000NuRig,0.002394027
001i000000LhyZD,0.88018644
001i000000NuQFs,0.0011212401
001i000000elUQU,0.011234667
001i000000NuOSW,0.0020494314
001i000000NuNgk,0.006859696
001i000000NuRST,0.007253494
001i000000NuPLM,0.0043549016
001i000000NuOV6,0.0019588452
001i000000NuRhw,0.002394027
001i000000NuPQN,0.0037586244
001i000000LhyPF,0.9188996
001i000000NuRZW,0.002394027
001i000000MJzUk,0.002394027
001i000000NuP5l,0.0010593013
001i000000NuNto,0.015907094
001i000000NuQNN,0.007253494
001i000000NuP5y,0.0009845447
001i000000NuRjy,0.002394027
001i000000NuPR6,0.00637396
001i000000NuPsi,0.006859696
001i000000NuPQx,0.0068551274
001i000000NuOE1,0.0059314147
001i000000NuP4p,0.0064658546
001i000000NuOFR,0.009976998
001i000000NuPKT,0.008041852
001i000000NuNYz,0.0033014573
001i000000NuOas,0.0023068695
001i000000NuNuv,0.004404276
001i000000NuP63,0.0019926254
001i000000NuRuC,0.002394027
001i000000NuO9T,0.44876403
001i000000NuODe,0.003338444
001i000000NuNm8,0.005727894
001i000000NuP39,0.0017497279
001i000000NuNnc,0.0013460123
001i000000NuOHc,0.001821913
001i000000NuP1n,0.001800986
001i000000NuQtU,0.007253494
001i000000NuPVA,0.2680374
001i000000NuRip,0.002394027
001i000000LhySu,0.89047563
001i000000NuRE2,0.006705927
001i000000NuO0J,0.0031333284
001i000000NuOW7,0.0060232677
001i000000NuR88,0.010572075
001i000000NuR4y,0.002394027
001i000000NuOky,0.001662655
001i000000NuOxA,0.0021691385
001i000000NuQTL,0.0024705199
001i000000NuRPG,0.00671462
001i000000oks49,0.01729648
001i000000LhyR7,0.9327358
001i000000NuOiL,0.005348294
001i000000NuPUD,0.0019049331
001i000000NuQAF,0.0055771135
001i000000NuOa1,0.001662655
001i000000NuQrs,0.0028129485
001i000000NuOWM,0.0027463052
001i000000Li96N,0.002394027
001i000000NuP97,0.0034577453
001i000000NuQG8,0.006027623
001i000000NuQWH,0.0028194592
001i000000NuP1U,0.013768759
001i000000NuOxT,0.008474054
001i000000NuPbM,0.0054870886
001i000000LhyXN,0.88495606
001i000000NuR97,0.0055771135
001i000000NuOTT,0.001796823
001i000000NuR9U,0.37216136
001i000000NuOw7,0.0021691385
001i000000LhyPb,0.8715993
001i000000NuNjr,0.0020460647
001i000000NuOeJ,0.005682492
001i000000NuPnP,0.0055793086
001i000000NuR02,0.002394027
001i000000NuREK,0.002394027
001i000000NuOK6,0.0040689046
001i000000NuQ9T,0.010572075
001i000000NuQ2v,0.0021691385
001i000000NuRP0,0.0103267
001i000000NuPI3,0.10889118
001i000000NuOrM,0.009999923
001i000000NuNwb,0.0041365405
001i000000NuNnY,0.0038517704
001i000000NuQUa,0.0055664605
001i000000NuOIh,0.004146102
001i000000NuOHv,0.0009106138
001i000000LhySc,0.8907348
001i000000NuR2D,0.015367145
001i000000NuP1e,0.0012760084
001i000000NuO1g,0.004384807
001i000000NuRhP,0.002394027
001i000000NuSp1,0.016811486
001i000000NuRqF,0.002394027
001i000000Li94i,0.002394027
001i000000NuQPh,0.0037586244
001i000000NuQjB,0.0068439203
001i000000NuPTY,0.0055664605
001i000000NuPEI,0.0034971614
001i000000NuNYy,0.010572075
001i000000NuPZr,0.00637396
001i000000Li94C,0.002394027
001i000000NuSpJ,0.016811486
001i000000NuRWA,0.0021229712
001i000000NuPhj,0.0064828163
001i000000NuPqt,0.007253494
001i000000MJzVf,0.007253494
001i000000NuQ6y,0.004384807
001i000000NuOcv,0.0019331364
001i000000NuPOS,0.007253494
001i000000NuRJ2,0.006705927
001i000000NuOct,0.009976998
001i000000NuP8u,0.0021691385
001i000000NuP7s,0.0037448655
001i000000NuQ0W,0.007253494
001i000000NuPbR,0.0037586244
001i000000NuOgd,0.0041365405
001i000000NuRtn,0.002394027
001i000000NuOOy,0.007253494
001i000000NuO1q,0.0023710672
001i000000NuPot,0.0044828784
001i000000NuQHf,0.0064828163
001i000000NuPQ3,0.0028129485
001i000000LhyPP,0.89608717
001i000000NuOPQ,0.0060137487
001i000000NuQaR,0.0068551274
001i000000NuOuD,0.004838294
001i000000NuQiR,0.006859696
001i000000NuQhQ,0.0028129485
001i000000NuQcR,0.0028129485
001i000000MJzVh,0.007253494
001i000000NuPt0,0.007253494
001i000000NuS1c,0.002394027
001i000000NuRYa,0.002394027
001i000000NuPo7,0.006467901
001i000000Lhybs,0.78634
001i000000NuQD6,0.007253494
001i000000NuPXq,0.007253494
001i000000NuOwa,0.000644218
001i000000NuQUP,0.0041083214
001i000000NuRkE,0.002394027
001i000000NuQE0,0.007253494
001i000000NuPlm,0.0055664605
001i000000NuRaH,0.002394027
001i000000MJzUE,0.002394027
001i000000NuQpe,0.006027623
001i000000NuRac,0.002394027
001i000000NuOV2,0.0031689769
001i000000NuRVe,0.012758462
001i000000NuO9l,0.008790315
001i000000em0ZK,0.007253494
001i000000NuQMA,0.016001405
001i000000NuNmk,0.0028718028
001i000000LhyaM,0.88495606
001i000000NuPAT,0.0031689769
001i000000NuPgf,0.006027623
001i000000NuPbn,0.002394027
001i000000NuNrT,0.007708603
001i000000Li96J,0.002394027
001i000000NuOvY,0.0036335741
001i000000NuQgL,0.006859696
001i000000oks1L,0.016329149
001i000000NuOqt,0.0022689656
001i000000NuPu2,0.007253494
001i000000NuRD2,0.008078776
001i000000NuPwh,0.0028194592
001i000000NuOXE,0.0011212401
001i000000NuQYS,0.00637396
001i000000NuRhK,0.002394027
001i000000NuRhH,0.002394027
001i000000NuR94,0.00637396
001i000000NuQAx,0.007253494
001i000000NuQhy,0.0059870374
001i000000NuQFA,0.0029820136
001i000000NuOfE,0.0017097221
001i000000NuQ21,0.0028129485
001i000000NuRRQ,0.007253494
001i000000NuRBb,0.0055664605
001i000000NuO9s,0.9241355
001i000000NuRdG,0.002394027
001i000000NuPDK,0.001662655
001i000000NuOHQ,0.0008385757
001i000000NuOsp,0.0051302034
001i000000NuPNc,0.006859696
001i000000NuOMe,0.0007134794
001i000000NuQDC,0.0060137487
001i000000NuPwu,0.0037586244
001i000000NuQcN,0.004649484
001i000000NuOUA,0.016355632
001i000000NuQYD,0.0055771135
001i000000NuOOo,0.0058977185
001i000000MJzX4,0.0030540775
001i000000Q3OQS,0.08476302
001i000000NuNgF,0.007253494
001i000000NuQVt,0.006859696
001i000000NuOJB,0.0021691385
001i000000NuQiV,0.0028129485
001i000000NuQk7,0.007253494
001i000000NuOt3,0.007253494
001i000000em6xl,0.008332042
001i000000NuPOE,0.007253494
001i000000NuQdg,0.0058977185
001i000000NuPFy,0.006467901
001i000000NuQ4c,0.0055771135
001i000000NuRUH,0.0064828163
001i000000NuNda,0.0055664605
001i000000NuNWe,0.008332042
001i000000NuNp6,0.004384807
001i000000NuPJr,0.002394027
001i000000NuQHN,0.006859696
001i000000NuQjj,0.0055771135
001i000000NuPsK,0.0060137487
001i000000NuPHm,0.001662655
001i000000NuOBb,0.0055771135
001i000000NuNhO,0.002394027
001i000000NuQIN,0.066976994
001i000000NuQD3,0.002394027
001i000000NuOV0,0.0021691385
001i000000NuOcU,0.0021691385
001i000000NuRdV,0.002394027
001i000000NuS7h,0.002394027
001i000000NuOFP,0.008770138
001i000000NuNu8,0.004384807
001i000000NuO8e,0.005185227
001i000000NuRax,0.002394027
001i000000NuNxU,0.0060229823
001i000000NuQna,0.01729648
001i000000NuOVy,0.0018526731
001i000000NuNlS,0.002394027
001i000000NuQBM,0.010572075
001i000000NuPbw,0.0068439203
001i000000NuQ10,0.007253494
001i000000NuOk6,0.002050804
001i000000NuQXL,0.0063352794
001i000000NuNtx,0.0019588452
001i000000NuRjf,0.002394027
001i000000NuNVa,0.007253494
001i000000NuR52,0.0121366065
001i000000NuPcM,0.007253494
001i000000NuOVX,0.0018476809
001i000000NuPbk,0.0064828163
001i000000NuPCt,0.008474054
001i000000NuQzK,0.002394027
001i000000NuNnI,0.0031789884
001i000000NuQRh,0.00637396
001i000000LhyYe,0.6423656
001i000000NuOcG,0.001796823
001i000000NuQ37,0.007253494
001i000000NuPg6,0.007253494
001i000000NuPxd,0.0021691385
001i000000NuQNM,0.0033014573
001i000000NuO4I,0.010572075
001i000000NuQsM,0.00671462
001i000000NuPyw,0.0068439203
001i000000NuPjt,0.016811486
001i000000NuR3t,0.002394027
001i000000NuRno,0.002394027
001i000000NuPdu,0.007253494
001i000000NuRzQ,0.002394027
001i000000NuO8c,0.004407361
001i000000LhyWV,0.43490097
001i000000NuOdO,0.003338444
001i000000NuS1b,0.002394027
001i000000NuPxt,0.0030370627
001i000000NuOQr,0.0006810121
001i000000NuOc4,0.013768759
001i000000NuPr3,0.0068439203
001i000000NuQq2,0.006027623
001i000000NuPXJ,0.0055664605
001i000000NuOBx,0.0027833285
001i000000NuNhi,0.001419574
001i000000NuQSR,0.0063352794
001i000000NuRzN,0.002394027
001i000000NuQm9,0.017138924
001i000000NuRnx,0.00637396
001i000000NuReW,0.002394027
001i000000NuPfO,0.00084052037
001i000000NuQw6,0.002394027
001i000000NuOjM,0.014701251
001i000000em6nE,0.0055664605
001i000000NuOGD,0.0018043779
001i000000NuNmF,0.0031333284
001i000000NuNzi,0.004838294
001i000000NuNpx,0.004384807
001i000000NuRHl,0.121738546
001i000000NuPny,0.00637396
001i000000NuPzg,0.0028129485
001i000000NuRVb,0.009926231
001i000000NuOQn,0.004384807
001i000000NuR7s,0.0034971614
001i000000NuNiZ,0.0058977185
001i000000NuPrO,0.010019632
001i000000NuQu1,0.0060137487
001i000000Li95l,0.002394027
001i000000NuSpf,0.0037084578
001i000000NuR7j,0.010572075
001i000000NuO8Q,0.004773566
001i000000NuRUQ,0.0064769336
001i000000MJzTQ,0.00637396
001i000000elRn8,0.014586663
001i000000NuNmi,0.001800207
001i000000NuPs0,0.0068439203
001i000000NuRF1,0.008758431
001i000000MJzVO,0.005162133
001i000000NuNlj,0.004773566
001i000000NuOgW,0.004384807
001i000000NuOJF,0.0019588452
001i000000NuPba,0.0041083214
001i000000NuPEO,0.0020460647
001i000000NuROH,0.0068439203
001i000000NuR3c,0.011935462
001i000000NuQzF,0.002394027
001i000000NuP40,0.001800986
001i000000MJzYA,0.002394027
001i000000NuOqJ,0.0021759982
001i000000NuPqR,0.007253494
001i000000NuQ1N,0.0060137487
001i000000NuPx2,0.0012955305
001i000000NuPGr,0.0058308817
001i000000NuOfN,0.003608774
001i000000NuQZo,0.0068439203
001i000000NuObg,0.0020460647
001i000000NuQkE,0.0055642705
001i000000NuOvv,0.25565603
001i000000NuQbi,0.0037586244
001i000000NuQ5z,0.007253494
001i000000NuPJh,0.006027623
001i000000NuRGW,0.0103267
001i000000NuP9U,0.0031689769
001i000000NuR2l,0.002394027
001i000000NuOtW,0.0038254864
001i000000NuOYI,0.001800986
001i000000NuQqm,0.006467901
001i000000NuOPm,0.0011212401
001i000000NuNvs,0.0008385757
001i000000NuOsk,0.0016974516
001i000000MJzXn,0.0060137487
001i000000NuRM5,0.00470818
001i000000NuR4i,0.002394027
001i000000NuR4N,0.008174561
001i000000NuOtc,0.00361712
001i000000NuRJS,0.007253494
001i000000NuQG0,0.00637396
001i000000NuOxS,0.0064828163
001i000000NuOGP,0.004838294
001i000000NuRTD,0.0068551274
001i000000NuOrX,0.001800207
001i000000NuOM1,0.0021691385
001i000000MJzYu,0.00637396
001i000000NuOpZ,0.0041365405
001i000000NuPg0,0.0024705199
001i000000NuRTW,0.0033014573
001i000000NuRT7,0.009351759
001i000000oks3K,0.0071914657
001i000000NuOof,0.0021691385
001i000000NuQwm,0.002394027
001i000000NuQF1,0.007253494
001i000000NuQff,0.0064828163
001i000000NuQJj,0.0068439203
001i000000MJzVd,0.007253494
001i000000NuQDX,0.0024705199
001i000000LhyQx,0.7967222
001i000000NuPPz,0.0064828163
001i000000NuPpY,0.0020460647
001i000000NuPNs,0.0068439203
001i000000NuOau,0.0021810378
001i000000NuONb,0.009452157
001i000000NuRyA,0.002394027
001i000000LhyRE,0.9347155
001i000000NuQ4U,0.0055771135
001i000000oks3E,0.009006611
001i000000NuQPC,0.002394027
001i000000NuPbC,0.007253494
001i000000NuO5l,0.004838294
001i000000NuREo,0.010672676
001i000000NuPDV,0.009999923
001i000000NuPyY,0.21136537
001i000000NuNtH,0.0029261976
001i000000NuNhV,0.002394027
001i000000NuOYo,0.004384807
001i000000NuQSZ,0.0058977185
001i000000NuQTx,0.007253494
001i000000NuP8I,0.0036511284
001i000000NuQDo,0.006859696
001i000000NuRRU,0.002394027
001i000000NuNE1,0.013768759
001i000000NuO2L,0.0034971614
001i000000NuPNU,0.007253494
001i000000NuRay,0.002394027
001i000000NuRey,0.002394027
001i000000NuOtu,0.014586663
001i000000NuQkn,0.002394027
001i000000NuNg5,0.0021691385
001i000000NuRAu,0.0064828163
001i000000em0XO,0.007253494
001i000000ZtRoA,0.0055771135
001i000000NuNXx,0.0019331364
001i000000NuQy6,0.002394027
001i000000NuNmh,0.013800276
001i000000NuNqP,0.0015318774
001i000000NuOmi,0.06786141
001i000000NuRb5,0.002394027
001i000000NuPoI,0.0037586244
001i000000NuPp8,0.0032107471
001i000000NuQc7,0.007253494
001i000000NuQk9,0.007253494
001i000000NuQ3F,0.0068439203
001i000000NuOEu,0.0041365405
001i000000NuP6Q,0.0011923687
001i000000NuOr0,0.0018519617
001i000000NuRHQ,0.007945744
001i000000LhyQ5,0.8600362
001i000000NuQtQ,0.007253494
001i000000NuPN6,0.009452157
001i000000NuORL,0.0031689769
001i000000NuPhm,0.0130470805
001i000000NuQwf,0.009926231
001i000000NuRTh,0.0065208185
001i000000NuRm4,0.006859696
001i000000NuOiv,0.0029962612
001i000000NuO7u,0.0022689656
001i000000NuODi,0.007253494
001i000000NuPjN,0.0060137487
001i000000NuO4y,0.008945075
001i000000NuQ3h,0.00637396
001i000000NuRLq,0.007253494
001i000000NuPuN,0.0037586244
001i000000NuRc8,0.002394027
001i000000NuPdQ,0.0060137487
001i000000NuRUW,0.006027623
001i000000NuNjZ,0.002394027
001i000000MJzUs,0.006859696
001i000000NuOSp,0.0034789182
001i000000NuPWh,0.005682492
001i000000NuQsu,0.007253494
001i000000NuPDm,0.013800276
001i000000NuR5G,0.0051302034
001i000000NuOYP,0.0016225661
001i000000NuP6v,0.0009845447
001i000000NuOE5,0.0019049331
001i000000NuPy6,0.0058977185
001i000000NuQ4s,0.007253494
001i000000LhyXU,0.89608717
001i000000NuQzG,0.002394027
001i000000NuQMa,0.007771721
001i000000NuNnr,0.0012258604
001i000000NuOgG,0.0031689769
001i000000NuPgR,0.01661533
001i000000NuQpa,0.007253494
001i000000NuNnq,0.1480588
001i000000NuQNg,0.007253494
001i000000NuOK3,0.0022689656
001i000000NuRQF,0.0028129485
001i000000NuOQm,0.0068439203
001i000000NuRei,0.002394027
001i000000NuOiS,0.0020460647
001i000000NuRVm,0.5671794
001i000000NuQ1D,0.0035515116
001i000000NuRRW,0.009745299
001i000000NuQwX,0.002394027
001i000000NuQ4A,0.0016263261
001i000000NuNib,0.007646084
001i000000NuNXo,0.008041852
001i000000NuOAf,0.0033691684
001i000000NuOJa,0.0018977075
001i000000NuP53,0.009237672
001i000000NuPXh,0.0041083214
001i000000MJzaR,0.002394027
001i000000NuO84,0.004384807
001i000000LhyTx,0.9327358
001i000000NuPwt,0.45012072
001i000000NuP3G,0.00084052037
001i000000NuRjE,0.002394027
001i000000NuQ8r,0.0068439203
001i000000Li94u,0.002394027
001i000000NuR1H,0.002394027
001i000000NuQbx,0.020257326
001i000000NuRSs,0.004803147
001i000000NuQdw,0.0068439203
001i000000NuOMI,0.0017202097
001i000000NuS0b,0.002394027
001i000000NuQrQ,0.0068439203
001i000000NuPKw,0.00637396
001i000000MJzaf,0.002394027
001i000000NuQmo,0.00671462
001i000000NuPtn,0.0063352794
001i000000NuQ7f,0.0055664605
001i000000oks50,0.011057472
001i000000NuNVT,0.0052372664
001i000000NuOd5,0.0021691385
001i000000NuR40,0.002394027
001i000000NuQMb,0.027555974
001i000000NuQvh,0.0047614956
001i000000NuNlT,0.002394027
001i000000NuNcZ,0.0053004567
001i000000NuPC3,0.0028194592
001i000000MJzUC,0.007253494
001i000000NuQhA,0.0060137487
001i000000NuR5s,0.010572075
001i000000NuNvN,0.0021691385
001i000000NuQMY,0.007253494
001i000000NuNhK,0.002394027
001i000000NuOON,0.0028391895
001i000000NuRD9,0.0075322017
001i000000NuOC2,0.0021691385
001i000000NuRiw,0.002394027
001i000000NuQap,0.0029820136
001i000000LhyQ7,0.9359503
001i000000NuPbm,0.0068439203
001i000000NuNmV,0.0068439203
001i000000NuPWV,0.0063352794
001i000000NuQa7,0.006027623
001i000000NuQeF,0.007253494
001i000000NuS89,0.002394027
001i000000NuRJM,0.0073315674
001i000000LhyYB,0.7565268
001i000000NuOtU,0.0019926254
001i000000NuP1J,0.004384807
001i000000NuOK8,0.002050804
001i000000NuP3L,0.0019588452
001i000000NuQO1,0.007253494
001i000000NuPT3,0.010572075
001i0000018979H,0.006027623
001i000000NuP13,0.00506159
001i000000NuPbF,0.006027623
001i000000NuQ3g,0.0055771135
001i000000NuNct,0.0037586244
001i000000NuP1g,0.001419574
001i000000NuQrc,0.00637396
001i000000Lhybi,0.9263098
001i000000NuPgO,0.0037586244
001i000000MJzUF,0.006859696
001i000000NuQe4,0.007253494
001i000000elRf2,0.012829425
001i000000NuOXR,0.0060137487
001i000000NuNaU,0.0033014573
001i000000NuPs3,0.0064828163
001i000000NuQ8J,0.002394027
001i000000em8wv,0.007253494
001i000000NuQyG,0.002394027
001i000000NuOVv,0.06641472
001i000000NuOnp,0.0068439203
001i000000NuOtV,0.009293907
001i000000NuPkl,0.0063352794
001i000000NuNa9,0.002394027
001i000000NuR3F,0.002394027
001i000000NuO7a,0.010572075
001i000000NuQss,0.0028129485
001i000000NuOLd,0.0019049331
001i000000LhyQl,0.9390598
001i000000NuRdY,0.002394027
001i000000NuOpD,0.0036419774
001i000000NuQKu,0.006859696
001i000000NuNVs,0.007253494
001i000000NuRS3,0.008278102
001i000000NuPqh,0.0068439203
001i000000NuPQ0,0.0033014573
001i000000NuRwu,0.002394027
001i000000NuRJJ,0.009260214
001i000000oks3P,0.019969141
001i000000NuNUT,0.0020460647
001i000000NuOOe,0.0017202097
001i000000oks4k,0.0071914657
001i000000NuPah,0.0055771135
001i000000NuOjt,0.0021691385
001i000000NuNml,0.004146102
001i000000NuQ3P,0.0064828163
001i000000NuQ6d,0.0028326104
001i000000LhyVs,0.8883982
001i000000NuQFV,0.0055771135
001i000000NuOrr,0.007253494
001i000000NuRs7,0.002394027
001i000000NuPLl,0.006859696
001i000000NuODT,0.0037448655
001i000000NuOkS,0.007253494
001i000000oks3v,0.008442768
001i000000NuRC4,0.007945744
001i000000NuRIw,0.0058977185
001i000000NuQBy,0.0024705199
001i000000Li94Q,0.002394027
001i000000LhyUE,0.6519613
001i000000NuO01,0.00506159
001i000000NuRln,0.002394027
001i000000NuNze,0.010572075
001i000000NuPMq,0.007253494
001i000000NuO3d,0.0021691385
001i000000NuQt0,0.007253494
001i000000Lhyc8,0.817101
001i000000NuO7E,0.014586663
001i000000NuOqA,0.001796823
001i000000NuPkU,0.0060137487
001i000000NuNuI,0.008332042
001i000000NuPDX,0.001796823
001i000000NuRUz,0.019969141
001i000000NuPqE,0.002394027
001i000000NuQ84,0.007253494
001i000000NuR7Q,0.00637396
001i000000NuO7e,0.0021691385
001i000000NuQIn,0.0018476809
001i000000NuPDO,0.001662655
001i000000NuPPj,0.006027623
001i000000NuPuw,0.00637396
001i000000NuQPp,0.007253494
001i000000NuNXe,0.0029962612
001i000000NuQbr,0.007253494
001i000000NuP7m,0.009976998
001i000000NuQWJ,0.006859696
001i000000NuQwh,0.002394027
001i000000NuQZT,0.007253494
001i000000LhyQu,0.83567303
001i000000NuPT6,0.006859696
001i000000NuQ4w,0.007253494
001i000000NuNvX,0.0019331364
001i000000NuQGS,0.007253494
001i000000LhydV,0.8027572
001i000000NuRsp,0.002394027
001i000000NuOPA,0.0018476809
001i000000NuQyV,0.012208886
001i000000NuOyr,0.0054870886
001i000000NuRZP,0.002394027
001i000000NuPNx,0.0063352794
001i000000NuR6u,0.07137954
001i000000LhyYX,0.54349345
001i000000NuOqH,0.016811486
001i000000NuPIZ,0.0009845447
001i000000NuPbA,0.013800276
001i000000NuRRK,0.009232533
001i000000NuOO8,0.00243523
001i000000NuPCD,0.001800986
001i000000NuOVu,0.0037586244
001i000000NuQKA,0.007253494
001i000000NuR3S,0.002394027
001i000000NuOD4,0.007295066
001i000000NuPxY,0.0064828163
001i000000NuNv2,0.0021691385
001i000000NuRw2,0.002394027
001i000000NuNUB,0.31557158
001i000000NuNf2,0.002394027
001i000000NuQo8,0.009260214
001i000000NuPdV,0.007585532
001i000000NuP93,0.0011212401
001i000000NuRtU,0.002394027
001i000000NuRif,0.002394027
001i000000NuPyR,0.006859696
001i000000NuOe1,0.0018043779
001i000000NuRkj,0.002394027
001i000000NuRA7,0.0037081796
001i000000NuPQg,0.0022689656
001i000000NuS0Q,0.002394027
001i000000NuPAL,0.0021691385
001i000000NuQWt,0.0032470776
001i000000NuPPQ,0.002050804
001i000000NuPPE,0.0060137487
001i000000NuQas,0.006027623
001i000000NuQ5I,0.007253494
001i000000NuRXR,0.002394027
001i000000NuPuo,0.007253494
001i000000NuNWI,0.0010430505
001i000000NuOMl,0.108756445
001i000000NuPuD,0.012826502
001i000000NuNea,0.0036335741
001i000000NuNoA,0.0021691385
001i000000NuQeL,0.008790315
001i000000NuPYU,0.006859696
001i000000NuO7Y,0.0029962612
001i000000NuQCX,0.0037586244
001i000000MJzas,0.007253494
001i000000NuPrn,0.0055664605
001i000000haw61,0.0028194592
001i000000MJzZu,0.002394027
001i000000NuRG3,0.0024226867
001i000000NuPfw,0.0028129485
001i000000NuNo8,0.0021691385
001i000000LhyWw,0.30167368
001i000000NuP8c,0.0019049331
001i000000NuOv5,0.0010124351
001i000000NuRg9,0.002394027
001i000000NuQPP,0.013791149
001i000000NuNwQ,0.009976998
001i000000NuOjw,0.0028620292
001i000000NuSqD,0.0051302034
001i000000NuPAg,0.0035727592
001i000000Li94q,0.002394027
001i000000NuOHU,0.0034789182
001i000000NuRE7,0.007253494
001i000000MJza2,0.002394027
001i000000NuRON,0.051470257
001i000000NuOB8,0.0034971614
001i000000NuQjS,0.006027623
001i000000NuOfM,0.00671462
001i000000LhyQG,0.94365025
001i000000NuNjk,0.002394027
001i000000NuRNw,0.012208886
001i000000NuNVJ,0.0010430505
001i000000LhyVL,0.75170606
001i000000NuRcu,0.002394027
001i000000MJzTc,0.006859696
001i000000NuQh6,0.0037586244
001i000000NuNtt,0.050882414
001i000000NuNZw,0.004838294
001i000000NuQxW,0.002394027
001i000000NuOlO,0.004649484
001i000000NuQ6v,0.001902436
001i000000NuRbN,0.002394027
001i000000LhyS8,0.9347155
001i000000NuRSS,0.008566224
001i000000NuQqn,0.0028129485
001i000000NuOWs,0.00637396
001i000000NuROt,0.007253494
001i000000NuQic,0.0055664605
001i000000em0vM,0.00637396
001i000000NuRrX,0.002394027
001i000000NuRtN,0.002394027
001i000000oks1d,0.0071914657
001i000000NuRrG,0.002394027
001i000000NuPNr,0.011206026
001i000000NuRPi,0.0063374415
001i000000NuQTX,0.007253494
001i000000NuOWq,0.0020460647
001i000000LhyYz,0.6955695
001i000000NuOrw,0.012829425
001i000000NuOqL,0.0009845447
001i000000NuQwx,0.002394027
001i000000NuOMw,0.00506159
001i000000NuPYN,0.00637396
001i000000NuRnN,0.002394027
001i000000Lhyd2,0.85748994
001i000000NuR6m,0.029520232
001i000000NuNzp,0.004384807
001i000000NuPXy,0.0041083214
001i000000NuRZF,0.002394027
001i000000NuRUd,0.007012994
001i000000NuRqO,0.002394027
001i000000NuOKq,0.0047220634
001i000000aSQuD,0.007253494
001i000000NuNmR,0.0016263261
001i000000NuQPM,0.009993284
001i000000NuRsQ,0.002394027
001i000000NuPED,0.013800276
001i000000NuNtI,0.0036335741
001i000000NuPOT,0.0068439203
001i000000LhyTI,0.89638144
001i000000Lhycm,0.8908157
001i000000NuNy4,0.00506159
001i000000MJzTq,0.006027623
001i000000NuQXG,0.0028129485
001i000000NuP23,0.0018933213
001i000000NuQxM,0.002394027
001i000000NuRy0,0.002394027
001i000000NuOue,0.009293907
001i000000NuOBY,0.0036419774
001i000000NuRaq,0.002394027
001i000000NuQ5d,0.0060008503
001i000000NuPsp,0.0064828163
001i000000NuRc4,0.002394027
001i000000em6vD,0.0055664605
001i000000NuPKF,0.006859696
001i000000NuQj2,0.00637396
001i000000NuRqD,0.002394027
001i000000NuNYL,0.0014722933
001i000000NuPcP,0.007253494
001i000000NuP6S,0.0011212401
001i000000NuNxw,0.009999923
001i000000Lhydc,0.93547267
001i000000NuPuk,0.0068439203
001i000000NuPOA,0.006467901
001i000000NuQii,0.011282881
001i000000NuRyY,0.002394027
001i000000NuRPR,0.0064828163
001i000000NuP5z,0.0011212401
001i000000NuQqf,0.010572075
001i000000NuPqa,0.0055664605
001i000000NuQQx,0.0055771135
001i000000NuNW4,0.009293907
001i000000NuQFG,0.006467901
001i000000NuQv8,0.0026190584
001i000000NuO1Z,0.0031689769
001i000000NuRCQ,0.007253494
001i000000NuP4n,0.00637396
001i000000NuRq1,0.002394027
001i000000NuOsL,0.0022689656
001i000000NuRbc,0.002394027
001i000000NuO7i,0.003608774
001i000000NuO0x,0.008770138
001i000000em09q,0.008332042
001i000000NuNgr,0.002394027
001i000000NuRgo,0.002394027
001i000000NuPyk,0.0019376148
001i000000NuQb7,0.007253494
001i000000NuRue,0.002394027
001i000000NuRh9,0.002394027
001i000000NuOya,0.0038297358
001i000000NuOxM,0.0022689656
001i000000NuQUN,0.040244434
001i000000NuOr6,0.0017013848
001i000000NuQJ7,0.0055771135
001i000000NuNtO,0.0034971614
001i000000NuNRj,0.0068439203
001i000000NuRbi,0.002394027
001i000000NuR26,0.009936151
001i000000NuNaF,0.002394027
001i000000NuRXE,0.002394027
001i000000NuRPB,0.0055664605
001i000000NuPH5,0.0015042752
001i000000NuRlW,0.002394027
001i000000NuOM5,0.004384807
001i000000NuPDe,0.0037448655
001i000000NuOCZ,0.007253494
001i000000NuREi,0.00470818
001i000000NuRTV,0.007253494
001i000000NuOWQ,0.0017202097
001i000000NuPJ4,0.0009845447
001i000000NuOLa,0.001800986
001i000000NuOfK,0.004146102
001i000000NuPs5,0.0064828163
001i000000LhyZf,0.8319643
001i000000NuQWK,0.0068439203
001i000000NuPO0,0.007253494
001i000000NuPzy,0.004838294
001i000000NuPKA,0.007253494
001i000000NuPgF,0.004146102
001i000000NuPHz,0.006859696
001i000000NuPRy,0.007253494
001i000000em8wC,0.007253494
001i000000NuRRP,0.01636643
001i000000NuPAx,0.001299532
001i000000NuRVP,0.00407428
001i000000c29Oo,0.007253494
001i000000NuRJt,0.006705927
001i000000NuOY8,0.0021691385
001i000000NuOBD,0.0034971614
001i000000NuNcl,0.0033014573
001i000000NuQTH,0.007253494
001i000000NuQiD,0.007253494
001i000000NuRKS,0.008392961
001i000000NuOtf,0.004117818
001i000000NuRcf,0.002394027
001i000000NuRer,0.002394027
001i000000NuQIe,0.00637396
001i000000NuP4v,0.0030370627
001i000000NuQXd,0.0055900863
001i000000oks4b,0.01636643
001i000000NuQDB,0.0068439203
001i000000NuP3k,0.0032542204
001i000000NuNkC,0.018064128
001i000000NuPpG,0.029296137
001i000000NuQBt,0.0135968765
001i000000NuR8d,0.007253494
001i000000NuQMf,0.007253494
001i000000NuQq1,0.006027623
001i000000MKXgv,0.00228526
001i000000NuOmq,0.007253494
001i000000NuPw5,0.00637396
001i000000NuOAI,0.015457586
001i000000NuQL6,0.0029820136
001i000000NuQdQ,0.0028129485
001i000000LhybN,0.87287045
001i000000NuQS2,0.011568467
001i000000NuONc,0.009237672
001i000000NuRmG,0.002394027
001i000000NuPKV,0.014586663
001i000000NuOUt,0.0020460647
001i000000NuOAv,0.0056956066
001i000000NuOFL,0.009999923
001i000000NuPyu,0.0055664605
001i000000NuOcW,0.004384807
001i000000NuOBP,0.0048977355
001i000000NuPOs,0.0060137487
001i000000NuQbm,0.00637396
001i000000NuPc4,0.00637396
001i000000NuPVS,0.014586663
001i000000NuOBc,0.002050804
001i000000NuRYJ,0.002394027
001i000000NuPdv,0.007253494
001i000000NuPXY,0.0041083214
001i000000aSCda,0.007253494
001i000000NuO2k,0.0029962612
001i000000NuOuv,0.002854754
001i000000Lhych,0.82480836
001i000000Lhydq,0.9146064
001i000000NuPlH,0.0068439203
001i000000NuOj7,0.013869197
001i000000NuOHt,0.002050804
001i000000NuOVc,0.0017995936
001i000000NuPKy,0.007253494
001i000000NuOi3,0.004384807
001i000000NuQkZ,0.0068439203
001i000000NuRpN,0.002394027
001i000000NuRkI,0.002394027
001i000000NuPU3,0.0021759982
001i000000NuPNH,0.004117818
001i000000NuPHG,0.002394027
001i000000NuP6W,0.0011212401
001i000000NuPak,0.006859696
001i000000NuQLp,0.0068439203
001i000000NuNlQ,0.0020460647
001i000000NuPjW,0.0068439203
001i000000NuQjb,0.00637396
001i000000N1vVr,0.0028129485
001i000000NuNhS,0.002394027
001i000000NuOj0,0.0033691684
001i000000NuQ6c,0.0008385757
001i000000NuOQ9,0.0020460647
001i000000NuP5S,0.0036419774
001i000000NuPCj,0.004838294
001i000000NuPpk,0.007253494
001i000000NuO8r,0.0077770515
001i000000NuNtj,0.0034971614
001i000000em8uG,0.007253494
001i000000NuRoY,0.002394027
001i000000Lhyau,0.8712514
001i000000NuPBo,0.001299662
001i000000NuPdy,0.006027623
001i000000NuRAt,0.005039175
001i000000NuPp5,0.007253494
001i000000LhyXV,0.572827
001i000000NuOPj,0.19113408
001i000000NuOy4,0.002050804
001i000000NuPKi,0.0068439203
001i000000NuS6L,0.002394027
001i000000NuQa9,0.007253494
001i000000MJzW4,0.0055642705
001i000000NuRPJ,0.009936151
001i000000NuP5C,0.0031689769
001i000000NuOtK,0.0026254985
001i000000NuODr,0.0018052866
001i000000LhyQ6,0.8808508
001i000000NuO9I,0.010572075
001i000000NuNWO,0.0060137487
001i000000NuPuL,0.006859696
001i000000NuPGx,0.002198328
001i000000NuOSD,0.0011238396
001i000000LhyRt,0.9278203
001i000000NuRnC,0.002394027
001i000000NuO7A,0.0019049331
001i000000NuR8g,0.009999923
001i000000NuQD2,0.009976998
001i000000MJzZY,0.002394027
001i000000NuQos,0.0068439203
001i000000NuR2v,0.002394027
001i000000NuNbo,0.0034971614
001i000000NuS1p,0.002394027
001i000000MJzZd,0.002394027
001i000000NuOrx,0.00637396
001i000000NuRlv,0.002394027
001i000000NuNwj,0.009976998
001i000000NuODY,0.001800986
001i000000NuRSm,0.009260214
001i000000NuQqO,0.007253494
001i000000NuROS,0.00637396
001i000000MJzYp,0.007253494
001i000000NuPQW,0.0037586244
001i000000NuNo4,0.0019648063
001i000000NuQBd,0.0063352794
001i000000NuPvs,0.0055664605
001i000000LhyU9,0.88654214
001i000000NuRg7,0.002394027
001i000000NuQO3,0.007253494
001i000000NuP5X,0.006859696
001i000000NuPO9,0.007253494
001i000000NuNco,0.006859696
001i000000NuQDz,0.007253494
001i000000NuNl6,0.006859696
001i000000NuPGV,0.0020460647
001i000000NuPmG,0.006467901
001i000000NuO5V,0.0016681182
001i000000LhyaE,0.5957222
001i000000NuPQH,0.007253494
001i000000NuQYe,0.0060137487
001i000000NuOqo,0.001796823
001i000000NuRJv,0.011935462
001i000000NuQZE,0.0064828163
001i000000NuPjy,0.0055664605
001i000000aSAb5,0.007253494
001i000000NuReP,0.002394027
001i000000NuONe,0.010572075
001i000000NuORp,0.0055664605
001i000000NuOAx,0.049949087
001i000000NuPWx,0.007253494
001i000000NuNoW,0.004384807
001i000000NuQLh,0.007253494
001i000000c296j,0.0063352794
001i000000LhyVP,0.9164502
001i000000NuOd0,0.0031689769
001i000000NuQCb,0.01225729
001i000000NuRW3,0.10592514
001i000000LhyUH,0.9051488
001i000000NuNfa,0.0033014573
001i000000LhyZN,0.7265217
001i000000NuNyd,0.004513793
001i000000NuNiq,0.002394027
001i000000NuO5B,0.0025567391
001i000000NuPKK,0.013800276
001i000000NuPbd,0.010572075
001i000000NuQlZ,0.006859696
001i000000MJzWU,0.00637396
001i000000Lhydy,0.88495606
001i000000NuPRu,0.0037586244
001i000000NuNjv,0.015521483
001i000000NuOaR,0.0018519617
001i000000LhyT8,0.9302653
001i000000MJzTH,0.006859696
001i000000NuPZn,0.007253494
001i000000NuRD3,0.009767697
001i000000NuQs2,0.00637396
001i000000NuRVB,0.011935462
001i000000NuNqz,0.009976998
001i000000NuRN9,0.01154153
001i000000NuNyK,0.0019376148
001i000000NuO3i,0.0028620292
001i000000NuP3f,0.0018519617
001i000000NuQno,0.007253494
001i000000NuOr3,0.007253494
001i000000NuO3K,0.0037362257
001i000000NuOjK,0.014586663
001i000000NuOLW,0.0011212401
001i000000NuPOH,0.0028129485
001i000000NuR4n,0.002394027
001i000000NuOOX,0.0020460647
001i000000NuPES,0.004384807
001i000000NuRDi,0.007253494
001i000000NuRJE,0.0129057765
001i000000NuRX9,0.002394027
001i000000NuPwc,0.0055664605
001i000000LhydG,0.89864796
001i000000NuP6l,0.0019926254
001i000000NuQTK,0.007253494
001i000000Lhyas,0.7495153
001i000000NuPu3,0.0068439203
001i000000NuP9W,0.007253494
001i000000MJzWG,0.0068439203
001i000000NuPta,0.007253494
001i000000NuNav,0.004786219
001i000000NuRNa,0.006027623
001i000000NuOxd,0.001800986
001i000000NuRoc,0.002394027
001i000000NuOT8,0.0039177216
001i000000NuQGI,0.0033014573
001i000000NuPGR,0.0021638463
001i000000NuOv4,0.0011212401
001i000000NuNso,0.0053004567
001i000000NuP67,0.0012258604
001i000000NuO3r,0.0034971614
001i000000NuNXT,0.014539302
001i000000NuQsA,0.007253494
001i000000NuQe0,0.0068439203
001i000000NuQHT,0.0028194592
001i000000NuR33,0.002394027
001i000000NuRrA,0.002394027
001i000000NuOh7,0.004396434
001i000000NuNcB,0.0029962612
001i000000NuOka,0.00813501
001i000000NuQ33,0.00637396
001i000000NuPpU,0.0055771135
001i000000NuQG3,0.0068551274
001i000000NuQ2k,0.0064828163
001i000000NuPkg,0.0068439203
001i000000NuRg1,0.002394027
001i000000NuR9F,0.007253494
001i000000NuQZ4,0.007253494
001i000000NuOVM,0.0019153858
001i000000NuQRb,0.0068439203
001i000000NuONH,0.0019049331
001i000000NuPMh,0.007253494
001i000000NuP1t,0.0019049331
001i000000NuQ8D,0.007253494
001i000000NuOVp,0.0019588452
001i000000NuPyD,0.014586663
001i000000NuQu4,0.0068439203
001i000000NuOuk,0.0033627187
001i000000NuO0Y,0.0027833285
001i000000NuRef,0.002394027
001i000000NuNbq,0.002394027
001i000000NuRMI,0.008758431
001i000000NuNuV,0.0021691385
001i000000LhyTa,0.6325587
001i000000N1vVf,0.0037586244
001i000000NuPgs,0.0037586244
001i000000NuPC1,0.00637396
001i000000NuORK,0.30670533
001i000000MJzV2,0.006859696
001i000000MJzUH,0.0055664605
001i000000NuNS9,0.0029962612
001i000000MJzZe,0.002394027
001i000000NuNy2,0.0121366065
001i000000NuOV5,0.0021691385
001i000000NuQLr,0.007253494
001i000000NuQPV,0.0034971614
001i000000NuRLS,0.0031563565
001i000000NuNhc,0.07041125
001i000000LhyYh,0.6288089
001i000000NuRa2,0.002394027
001i000000NuOIF,0.003960562
001i000000NuOPU,0.0018519617
001i000000NuQyT,0.007253494
001i000000NuSow,0.016811486
001i000000NuR37,0.002394027
001i000000NuR7C,0.13341652
001i000000NuNoq,0.009479192
001i000000NuP5V,0.0035515116
001i000000NuOv9,0.0011212401
001i000000NuQJy,0.0060137487
001i000000NuPyn,0.0068439203
001i000000slXqy,0.009293907
001i000000NuR9t,0.006027623
001i000000NuQXs,0.006859696
001i000000P3RYp,0.002394027
001i000000NuQtI,0.00637396
001i000000NuR4U,0.002394027
001i000000NuOPY,0.0021691385
001i000000NuRyz,0.002394027
001i000000NuPZD,0.0033691684
001i000000NuQcH,0.007253494
001i000000NuQl6,0.0055664605
001i000000NuOEd,0.0032893661
001i000000NuS8K,0.002394027
001i000000NuQs9,0.007253494
001i0000017bU6I,0.006859696
001i000000NuRXC,0.002394027
001i000000NuRin,0.002394027
001i000000NuR5c,0.002394027
001i000000NuOcA,0.0051302034
001i000000MKXh9,0.0028129485
001i000000NuOSR,0.0051843314
001i000000MJzaz,0.002394027
001i000000LhybT,0.8859894
001i000000NuRG8,0.008738327
001i000000MJzWu,0.0028129485
001i000000NuPIr,0.010572075
001i000000LhyPG,0.8889352
001i000000NuPiZ,0.0060137487
001i000000NuPZA,0.0053699394
001i000000NuRRO,0.002394027
001i000000MJzY7,0.0037586244
001i000000NuRXv,0.002394027
001i000000NuO5x,0.008116324
001i000000NuNkH,0.007253494
001i000000NuPoa,0.006467901
001i000000NuQLk,0.0055771135
001i000000NuRat,0.002394027
001i000000NuRR1,0.01729648
001i000000NuOkV,0.00476228
001i000000ZuXlS,0.006859696
001i000000NuPbc,0.004838294
001i000000NuQ7w,0.00671462
001i000000NuQp2,0.0060137487
001i000000NuNgW,0.002394027
001i000000NuRXA,0.002394027
001i000000NuQHC,0.007253494
001i0000017AZ6N,0.002394027
001i000000NuQ24,0.0055771135
001i000000NuNmK,0.0010764243
001i000000NuR2Z,0.002394027
001i000000NuPIO,0.007253494
001i000000NuOx6,0.0021691385
001i000000MJzYf,0.002394027
001i000000NuPwb,0.00637396
001i000000NuRbb,0.002394027
001i000000NuPBg,0.20126371
001i000000NuQJX,0.0063352794
001i000000LhycZ,0.94365025
001i000000NuRVx,0.00637396
001i000000NuOyA,0.007253494
001i000000Y0Lnj,0.0041083214
001i000000LhySt,0.8780153
001i000000MJzXr,0.002394027
001i000000NuOaL,0.0029962612
001i000000NuQgA,0.0037673158
001i000000NuNtg,0.0071098497
001i000000NuR5V,0.002394027
001i000000NuO6b,0.0016658494
001i000000MJzUY,0.002394027
001i000000NuOnC,0.0028620292
001i000000NuRLN,0.010217229
001i000000NuQRa,0.0068439203
001i000000NuPUK,0.001800986
001i000000NuOsQ,0.0067293537
001i000000NuPQu,0.0055771135
001i000000NuRha,0.002394027
001i000000NuOga,0.0018519617
001i000000NuRgP,0.002394027
001i000000NuRVZ,0.007253494
001i000000NuRs0,0.002394027
001i000000NuNd8,0.0037586244
001i000000NuOWZ,0.0026997481
001i000000NuQ2w,0.012829425
001i000000NuQRU,0.0068551274
001i000000NuO1n,0.0054870886
001i000000LhycV,0.9359503
001i000000NuQCQ,0.007253494
001i000000NuRTj,0.007846202
001i000000NuNzI,0.004917251
001i000000NuRdJ,0.002394027
001i000000NuQUg,0.0153798405
001i000000NuOEc,0.0019588452
001i000000NuRHq,0.006859696
001i000000NuPQV,0.0021691385
001i000000NuQWe,0.009999923
001i000000NuOqc,0.003338444
001i000000NuPtl,0.012752073
001i000000NuQX9,0.007253494
001i000000NuO93,0.004838294
001i000000NuO8Y,0.001662655
001i000000LhyY2,0.5031342
001i000000NuPUI,0.0020494314
001i000000NuQTG,0.0060137487
001i000000LiKyi,0.002394027
001i000000NuQb2,0.0068551274
001i000000NuPvb,0.007253494
001i000000NuP7v,0.009479192
001i000000NuP4k,0.002050804
001i000000LhycG,0.87130123
001i000000NuP7n,0.012829425
001i000000NuP9D,0.013768759
001i000000NuOKr,0.0018476809
001i000000NuQRI,0.0068439203
001i000000LhyW3,0.88473725
001i000000q7wAW,0.01729648
001i000000NuOgA,0.0015013904
001i000000NuRNW,0.008139347
001i000000NuO04,0.0028171663
001i000000NuOKB,0.0033627187
001i000000NuRr0,0.002394027
001i000000NuQYk,0.00637396
001i000000LhybK,0.74560714
001i000000NuPe3,0.007253494
001i000000NuQ9L,0.00637396
001i000000MKXgf,0.0028129485
001i000000NuOot,0.0019153858
001i000000NuOc9,0.011213331
001i000000NuS6N,0.002394027
001i000000NuOp9,0.001800986
001i000000NuOaY,0.0021691385
001i000000NuOCp,0.007253494
001i000000NuQob,0.00637396
001i000000NuO1b,0.014586663
001i000000NuS3W,0.002394027
001i000000NuPqc,0.0068439203
001i000000NuR1F,0.006143345
001i000000NuNpA,0.013800276
001i000000NuQ4y,0.007253494
001i000000NuPmM,0.006859696
001i000000NuRYF,0.002394027
001i000000NuOpS,0.0007922394
001i000000NuPK2,0.0055664605
001i000000NuPnF,0.020880321
001i000000NuQUT,0.007253494
001i000000LhyQ3,0.9328811
001i000000NuRlA,0.002394027
001i000000NuPVx,0.0041083214
001i000000NuPnA,0.21100475
001i000000Lhya0,0.855778
001i000000NuNbJ,0.013800276
001i000000NuR5J,0.0034971614
001i000000NuNdM,0.0033014573
001i000000NuOGo,0.009976998
001i000000NuOMj,0.04837941
001i000000NuG9K,0.0033014573
001i000000NuR6s,0.07716463
001i000000NuORV,0.0019588452
001i000000NuQlQ,0.0033014573
001i000000NuQQP,0.0063352794
001i000000NuRHt,0.0063352794
001i000000NuOeB,0.0021810378
001i000000LhyPm,0.9311724
001i000000NuOyh,0.006859696
001i000000NuRDd,0.0129057765
001i000000NuRKR,0.007253494
001i000000NuQsb,0.01709352
001i000000NuPE8,0.0054870886
001i000000NuRMB,0.007253494
001i000000NuPku,0.0037586244
001i000000oks33,0.01729648
001i000000NuOUR,0.002050804
001i000000NuRU1,0.007846202
001i000000NuQkY,0.0063352794
001i000000NuQTt,0.007253494
001i000000NuQw1,0.002394027
001i000000NuRmU,0.002394027
001i000000em8pV,0.007253494
001i000000NuOtH,0.010572075
001i000000NuO1W,0.0021765935
001i000000NuR3G,0.002394027
001i000000NuQ7S,0.0064828163
001i000000NuRMC,0.008342131
001i000000NuO0p,0.0041104075
001i000000NuQGn,0.006467901
001i000000NuPsn,0.007253494
001i000000NuOS1,0.002198328
001i000000NuPyA,0.004384807
001i000000NuO7p,0.009479192
001i000000LhyS7,0.8913478
001i000000NuNne,0.004384807
001i000000NuO5O,0.0041775997
001i000000NuPHX,0.0028194592
001i000000NuRfe,0.002394027
001i000000NuRk2,0.002394027
001i000000MJza5,0.002394027
001i000000NuR8R,0.015457586
001i000000NuRWN,0.007253494
001i000000NuPZc,0.0068439203
001i000000NuQsx,0.015367145
001i000000NuRpf,0.002394027
001i000000NuS0j,0.002394027
001i000000NuQBo,0.007253494
001i000000oks47,0.01729648
001i000000Li961,0.002394027
001i000000NuOGR,0.006859696
001i000000NuQS8,0.0025411171
001i000000NuROJ,0.006859696
001i000000NuQlv,0.006027623
001i000000NuQWS,0.0055664605
001i000000MJzTy,0.0060137487
001i000000NuPLv,0.0059870374
001i000000NuQNH,0.007253494
001i000000NuPtB,0.006859696
001i000000LhyVo,0.6039045
001i000000NuOQW,0.001745683
001i000000NuNzt,0.0034971614
001i000000NuNns,0.0052777953
001i000000NuNaq,0.0035515116
001i000000NuP32,0.004384807
001i000000NuQnZ,0.007253494
001i000000NuQdf,0.0060137487
001i000000NuQmQ,0.0068551274
001i000000MJzWO,0.0055664605
001i000000NuQLU,0.0068439203
001i000000NuP79,0.0020072258
001i000000NuNVX,0.0016681182
001i000000NuNqx,0.004649484
001i000000NuQZq,0.017502489
001i000000Lhydp,0.88332874
001i000000MKXgh,0.002394027
001i000000cEtsj,0.010599934
001i000000LhyZS,0.6106946
001i000000NuPGi,0.00084052037
001i000000NuO4H,0.010572075
001i000000oks1h,0.017975306
001i000000NuNYb,0.009999923
001i000000NuOwn,0.0029893436
001i000000NuQkj,0.0033014573
001i000000NuQoO,0.006027623
001i000000NuOaf,0.0034421447
001i000000NuQmn,0.0063352794
001i000000NuP68,0.0011212401
001i000000NuPr9,0.0068439203
001i000000NuPPv,0.0055664605
001i000000NuOrd,0.0016658494
001i000000NuPyB,0.0020460647
001i000000NuQDp,0.007253494
001i000000NuPAs,0.000888993
001i000000NuQek,0.004838294
001i000000NuNoC,0.0047751884
001i000000NuPTd,0.0021691385
001i000000NuPni,0.0055771135
001i000000MJzUd,0.002394027
001i000000NuRVF,0.014362125
001i000000NuOh5,0.0016388554
001i000000NuNe3,0.0033014573
001i000000NuO0F,0.0017995936
001i000000NuPPl,0.006859696
001i000000NuRYW,0.002394027
001i000000NuS98,0.002394027
001i000000NuOmI,0.0068551274
001i000000LhyZR,0.54857296
001i000000NuOCq,0.3940148
001i000000NuPoq,0.006067004
001i000000NuODE,0.0019588452
001i000000oks40,0.021578308
001i000000NuNj2,0.006859696
001i000000NuOAa,0.0061802077
001i000000NuPfB,0.00084052037
001i000000MJzWJ,0.0060137487
001i000000NuRSM,0.003951802
001i000000NuQQz,0.007253494
001i000000NuQar,0.006027623
001i000000LhySA,0.9311724
001i000000NuRl8,0.002394027
001i000000NuOI0,0.0041365405
001i000000NuOLx,0.004786219
001i000000elapN,0.009999923
001i000000NuOJm,0.0016263261
001i000000NuOVA,0.10863341
001i000000NuNt3,0.0016974516
001i000000NuS0S,0.002394027
001i000000NuPPR,0.007253494
001i000000NuNpN,0.0053377035
001i000000NuP9O,0.002050804
001i000000NuO0T,0.0034971614
001i000000NuOLy,0.0019049331
001i000000NuOz8,0.0021691385
001i000000NuPLh,0.0037586244
001i000000elRdp,0.010572075
001i000000NuRCl,0.008752609
001i000000NuPUo,0.013791149
001i000000NuOFa,0.009999923
001i000000NuPai,0.0021691385
001i000000NuPyT,0.0055771135
001i000000NuRhj,0.002394027
001i000000NuQhl,0.0055664605
001i000000NuREO,0.007253494
001i000000NuNtq,0.0033691684
001i000000LhyTr,0.93631655
001i000000NuOEK,0.004384807
001i000000NuOee,0.0016974516
001i000000NuR9v,0.0029820136
001i000000NuOiR,0.002050804
001i000000NuRF4,0.008978052
001i000000NuOOT,0.0017497279
001i000000NuOUS,0.0019049331
001i000000NuRKu,0.0028282688
001i000000NuPiT,0.012829425
001i000000NuOPE,0.005293658
001i000000NuR0z,0.002394027
001i000000oks3I,0.016329149
001i000000NuOK4,0.002050804
001i000000NuQLS,0.0058977185
001i000000LhyQq,0.8966737
001i000000NuRQe,0.007253494
001i000000NuR1G,0.002394027
001i000000NuQlI,0.002394027
001i000000NuQHA,0.0055771135
001i000000NuRcV,0.002394027
001i000000NuRam,0.002394027
001i000000NuP2M,0.002352136
001i000000c1okK,0.006027623
001i000000NuO17,0.10243018
001i000000NuQ1B,0.0028129485
001i000000NuPvd,0.0068439203
001i000000NuQyD,0.002394027
001i000000NuO42,0.0028391895
001i000000NuPkX,0.0060137487
001i000000NuP1V,0.0021691385
001i000000NuNoe,0.004146102
001i000000NuOgR,0.0036419774
001i000000NuONo,0.007253494
001i000000NuRGm,0.0062648864
001i000000NuQKU,0.017311351
001i000000Nu8bK,0.0024705199
001i000000NuPml,0.0068439203
001i000000oks4H,0.015521483
001i000000NuNuk,0.009479192
001i000000NuOYO,0.0018977075
001i000000NuQOK,0.002394027
001i000000NuPPA,0.0028129485
001i000000NuO8d,0.0041083214
001i000000NuRq0,0.002394027
001i000000MKXgY,0.002394027
001i000000q7wAs,0.018995019
001i000000NuR34,0.002394027
001i000000NuQur,0.0037586244
001i000000NuP96,0.0019049331
001i000000NuONd,0.010572075
001i000000NuNOz,0.0037586244
001i000000NuR27,0.002394027
001i000000NuQ7Z,0.0028194592
001i000000NuO1z,0.014586663
001i000000NuPiB,0.009976998
001i000000NuPIz,0.009999923
001i000000LhySl,0.7539536
001i000000oks1P,0.0143573675
001i000000NuQPc,0.002886622
001i000000NuPh7,0.0021691385
001i000000NuO2g,0.004384807
001i000000NuQQW,0.00637396
001i000000NuOhT,0.010610186
001i000000NuQSg,0.007253494
001i000000LhyQQ,0.8866257
001i000000NuRcr,0.002394027
001i000000Lhycw,0.0021691385
001i000000NuOOn,0.011935462
001i000000NuP4s,0.009999923
001i000000NuRhF,0.002394027
001i000000LhyaU,0.9016935
001i000000NuNzB,0.00506159
001i000000NuRJy,0.007253494
001i000000NuRWE,0.007697828
001i000000NuQCK,0.007253494
001i000000NuRjH,0.002394027
001i000000NuOd4,0.0055664605
001i000000NuQoW,0.007837566
001i000000NuQcF,0.0028129485
001i000000NuPsL,0.0055664605
001i000000NuNaB,0.0035515116
001i000000NuP6D,0.0014391465
001i000000LhyPg,0.9390598
001i000000NuPR5,0.006027623
001i000000NuNxd,0.007253494
001i000000NuPvF,0.007253494
001i000000NuOOD,0.006859696
001i000000NuRQc,0.01103408
001i000000NuRUP,0.0063352794
001i000000NuNjA,0.007253494
001i000000NuQiu,0.00637396
001i000000NuQlh,0.00637396
001i000000MJzYI,0.002394027
001i000000NuQrT,0.007253494
001i000000NuQ25,0.006859696
001i000000NuO09,0.009293907
001i000000MJzTf,0.006859696
001i000000NuNR0,0.007253494
001i000000NuPqJ,0.0068439203
001i000000NuQov,0.012797181
001i000000NuNbY,0.010572075
001i000000NuPm3,0.007253494
001i000000NuR29,0.010734975
001i000000NuNex,0.009999923
001i000000NuNg6,0.002941169
001i000000NuRWC,0.007697828
001i000000NuPG0,0.009293907
001i000000NuOlG,0.010572075
001i000000NuRgs,0.002394027
001i000000NuPtO,0.007253494
001i000000NuQ7p,0.014314669
001i000000NuPq3,0.006859696
001i000000NuO4N,0.009999923
001i000000NuNjp,0.007253494
001i000000NuQQf,0.006027623
001i000000NuOEE,0.0021691385
001i000000NuR42,0.002394027
001i000000N1vVP,0.0024705199
001i000000NuQn9,0.0055664605
001i000000NuNvP,0.0011212401
001i000000NuNdv,0.013422141
001i000000NuNy1,0.0019049331
001i000000NuOup,0.014976989
001i000000NuOke,0.0016388554
001i000000NuS1O,0.002394027
001i000000NuOxg,0.007253494
001i000000NuQcr,0.01754882
001i000000NuRpd,0.002394027
001i000000q7wAy,0.011957273
001i000000NuOqV,0.0011212401
001i000000NuQXj,0.0028171663
001i000000NuQ02,0.010572075
001i000000NuP6N,0.0010593013
001i000000NuPAZ,0.0016658494
001i000000NuOQP,0.012180959
001i000000NuRmQ,0.002394027
001i000000NuPrX,0.001800986
001i000000NuOm7,0.0017097221
001i000000NuRcB,0.002394027
001i000000NuS7O,0.002394027
001i000000NuSpT,0.010599934
001i000000LhySk,0.9356227
001i000000NuQid,0.00671462
001i000000NuQ2H,0.0068439203
001i000000NuQYO,0.007253494
001i000000NuPZu,0.0033014573
001i000000NuPx5,0.0068551274
001i000000NuRii,0.002394027
001i000000NuOOQ,0.004146102
001i000000NuNVq,0.002394027
001i000000Lhybm,0.86422265
001i000000LhyQY,0.86481273
001i000000NuS5X,0.002394027
001i000000NuQWm,0.0129057765
001i000000NuOBf,0.008507219
001i000000NuOFA,0.004084404
001i000000NuNr2,0.00813501
001i000000NuPBs,0.007253494
001i000000NuQP7,0.0068551274
001i000000NuR22,0.002394027
001i000000NuQ7v,0.00637396
001i000000NuOiP,0.002050804
001i000000NuQ67,0.0028194592
001i000000NuNWg,0.0015728906
001i000000NuQ97,0.0055664605
001i000000Lhydu,0.62329
001i000000NuNys,0.014586663
001i000000NuOlD,0.009993284
001i000000NuRgg,0.002394027
001i000000bUKYA,0.0055771135
001i000000MKXh3,0.002394027
001i000000NuNcg,0.0033014573
001i000000NuPWn,0.0028194592
001i000000NuRfB,0.002394027
001i000000NuNjb,0.007253494
001i000000NuRdm,0.002394027
001i000000NuOXi,0.0068439203
001i000000MJzaT,0.002394027
001i000000NuPdi,0.0068439203
001i000000NuQGh,0.00637396
001i000000NuOFC,0.009999923
001i000000NuQzy,0.002394027
001i000000NuRHO,0.006859696
001i000000NuRY7,0.002394027
001i000000NuQVC,0.0037586244
001i000000NuPzb,0.0064828163
001i000000NuPiH,0.014624945
001i000000NuQke,0.007253494
001i000000NuOTg,0.0021691385
001i000000oks4K,0.013653187
001i000000NuQig,0.012208886
001i000000NuPVp,0.0034971614
001i000000Li95W,0.002394027
001i000000NuS0d,0.0064828163
001i000000NuR9A,0.0064828163
001i000000NuQ6R,0.00475536
001i000000NuRJw,0.014506123
001i000000em8yI,0.007253494
001i000000NuNt0,0.0034421447
001i000000NuR81,0.0041083214
001i000000NuONY,0.010572075
001i000000NuS3H,0.002394027
001i000000NuPQn,0.0060137487
001i000000NuOZo,0.0021691385
001i000000NuPv5,0.00637396
001i000000NuPLr,0.009999923
001i000000LhyYL,0.8350331
001i000000MJzWF,0.0060137487
001i0000017bRZD,0.002394027
001i000000NuO1X,0.037716296
001i000000NuRCx,0.008758431
001i000000NuNkB,0.10895787
001i000000NuPRT,0.0060137487
001i000000NuPAI,0.0055771135
001i000000NuOug,0.0017682834
001i000000NuOym,0.0028129485
001i000000NuNyt,0.004598755
001i000000NuPXs,0.007253494
001i000000NuRis,0.002394027
001i000000LhyXK,0.9347155
001i000000NuRjB,0.002394027
001i000000NuO3G,0.0017202097
001i000000NuO7h,0.009999923
001i000000NuO1V,0.006680265
001i000000NuRY3,0.002394027
001i000000NuOmz,0.0068551274
001i000000NuNla,0.007253494
001i000000NuO72,0.0054870886
001i000000aUDjp,0.006859696
001i000000NuQF3,0.006027623
001i000000NuQ6D,0.0037586244
001i000000NuNsU,0.0031689769
001i000000NuNi7,0.0055664605
001i000000NuRtv,0.002394027
001i000000NuRKJ,0.0060137487
001i000000NuOLb,0.0024296043
001i000000NuR9m,0.002394027
001i000000NuQ1j,0.0037586244
001i000000NuR4L,0.002394027
001i000000NuOqu,0.0034971614
001i000000NuSoS,0.016811486
001i000000NuQ27,0.0068551274
001i000000NuQ6M,0.0068439203
001i000000NuRUD,0.007253494
001i000000NuNar,0.005682492
001i000000NuRMX,0.16346996
001i000000NuNuy,0.0018519617
001i000000NuRb0,0.002394027
001i000000NuPeg,0.0064828163
001i000000NuPAA,0.0014906127
001i000000NuPhl,0.010572075
001i000000NuROG,0.008078776
001i000000LhyR8,0.94045556
001i000000NuR3V,0.002394027
001i000000NuQye,0.002394027
001i000000NuRC7,0.007253494
001i000000NuPAQ,0.0027059976
001i000000NuNVc,0.010572075
001i000000NuQUc,0.007253494
001i000000NuQEa,0.037830804
001i000000oks4g,0.018995019
001i000000NuQQT,0.0060137487
001i000000NuPHD,0.0020460647
001i000000NuOZT,0.005044038
001i000000NuQOM,0.007253494
001i000000NuRsV,0.002394027
001i000000NuPFa,0.001796823
001i000000NuOci,0.013768759
001i000000NuNyc,0.0041365405
001i000000NuQmJ,0.0064828163
001i000000NuQ4d,0.0064828163
001i000000NuNYA,0.002394027
001i000000NuQNF,0.0068439203
001i000000NuOH6,0.0012258604
001i000000NuOgC,0.0068439203
001i000000NuRXj,0.002394027
001i000000NuNuw,0.0010789201
001i000000cESU8,0.002394027
001i000000Lhybt,0.9016935
001i000000NuRk8,0.002394027
001i000000NuQ5w,0.0058977185
001i000000NuNjj,0.002394027
001i000000NuPOZ,0.0020460647
001i000000NuR90,0.0065058167
001i000000NuPp3,0.0020460647
001i000000NuPnB,0.007253494
001i000000NuRXt,0.002394027
001i000000NuS5q,0.002394027
001i000000NuOBo,0.0038517704
001i000000NuRgS,0.002394027
001i000000NuPge,0.0068551274
001i000000NuQAn,0.0055664605
001i000000MJzX1,0.0037586244
001i000000NuRSp,0.007253494
001i000000NuS6y,0.002394027
001i000000NuNuS,0.013800276
001i000000LhyXS,0.81427586
001i000000oks2J,0.0047614956
001i000000NuOVN,0.0058977185
001i000000NuRPH,0.006467901
001i000000NuOqB,0.001796823
001i000000NuNxH,0.60924864
001i000000NuNXf,0.000644218
001i000000NuR5j,0.007253494
001i000000NuOgr,0.0018519617
001i000000NuRps,0.002394027
001i000000NuRkg,0.002394027
001i000000oks3t,0.021578308
001i000000NuPOF,0.0068439203
001i000000NuPQM,0.0037586244
001i000000NuPhW,0.0054870886
001i000000NuP5t,0.0014391465
001i000000NuQIv,0.0060137487
001i000000NuRaz,0.002394027
001i000000NuOTq,0.0021691385
001i000000NuR0J,0.008392961
001i000000NuO1B,0.0041365405
001i000000NuRa5,0.002394027
001i000000NuPBO,0.0016388554
001i000000NuNvD,0.0017620105
001i000000NuRyH,0.002394027
001i000000NuNzs,0.0034971614
001i000000NuRcX,0.002394027
001i000000NuRqP,0.002394027
001i000000NuNqo,0.00084052037
001i000000NuQa6,0.006859696
001i000000NuNgf,0.007253494
001i000000NuRTI,0.77780336
001i000000NuQvy,0.002394027
001i000000NuNZ7,0.000644218
001i000000NuNvF,0.09558972
001i000000NuQe6,0.007253494
001i000000NuPyO,0.021578308
001i000000NuPMS,0.042727705
001i000000NuOyT,0.0060221516
001i000000NuQ5D,0.007253494
001i000000NuS0w,0.002394027
001i000000Li95u,0.002394027
001i000000NuQca,0.0029820136
001i000000Lhyaa,0.7515521
001i000000NuRFH,0.008758431
001i000000NuSA1,0.002394027
001i000000NuRCP,0.002394027
001i000000NuPxc,0.001800986
001i000000Lhyc0,0.62254673
001i000000NuQ3G,0.00637396
001i000000NuNsH,0.0054597952
001i000000NuPvg,0.0060137487
001i000000NuQxc,0.002394027
001i000000NuPo1,0.006859696
001i000000NuPDs,0.004384807
001i000000NuNwC,0.18031366
001i000000NuQpL,0.0060137487
001i000000NuOzR,0.004146102
001i000000NuPjn,0.0068439203
001i000000NuQmD,0.007253494
001i000000NuNtw,0.009976998
001i000000NuQq7,0.007253494
001i000000LhyUt,0.846239
001i000000Li94v,0.0055771135
001i000000NuRR3,0.0037081796
001i000000NuPHd,0.0010124351
001i000000NuQzq,0.002394027
001i000000NuPw3,0.007253494
001i000000NuQCl,0.00637396
001i000000NuPJV,0.00637396
001i000000NuQMZ,0.007253494
001i000000NuOTG,0.002050804
001i000000NuP57,0.0018476809
001i000000NuPDw,0.009293907
001i000000NuNot,0.0021691385
001i000000NuNz2,0.006027623
001i000000NuRhV,0.002394027
001i000000oks15,0.01931523
001i000000NuRyC,0.002394027
001i000000NuRe5,0.002394027
001i000000NuR35,0.002394027
001i000000NuPTh,0.0048207026
001i000000NuQd9,0.0068439203
001i000000NuOgq,0.0026200337
001i000000NuOnQ,0.006027623
001i000000MJzXx,0.0055664605
001i000000NuOqW,0.0019926254
001i000000NuQby,0.006859696
001i000000NuOrN,0.28528127
001i000000NuPaR,0.007253494
001i000000NuP1E,0.0009845447
001i000000NuQme,0.0058977185
001i000000NuONV,0.004384807
001i000000NuRg4,0.002394027
001i000000MJzVT,0.007253494
001i000000Lhydh,0.76967484
001i000000NuPVz,0.0041083214
001i000000LhyTd,0.8254413
001i000000ZtSFb,0.00637396
001i000000NuQpD,0.006859696
001i000000NuOET,0.0017342336
001i000000NuNbK,0.002394027
001i000000NuNiw,0.002394027
001i000000NuQyL,0.0042890795
001i000000NuPfK,0.001800986
001i000000NuQTq,0.007253494
001i000000NuSpg,0.002394027
001i000000Li95k,0.002394027
001i000000NuPHN,0.0064828163
001i000000NuOSu,0.006859696
001i000000NuNYc,0.0037586244
001i000000NuQAb,0.006859696
001i000000NuPNe,0.00476228
001i000000NuPPi,0.029907139
001i000000P5kd2,0.46407056
001i000000NuQfm,0.0028194592
001i000000NuRcS,0.002394027
001i000000NuOFi,0.009479192
001i000000NuPP8,0.007253494
001i000000NuOfJ,0.006859696
001i000000NuQRs,0.012227681
001i000000NuQmU,0.0063352794
001i000000LhyWz,0.9327358
001i000000NuQv5,0.003951802
001i000000NuRdO,0.002394027
001i000000NuQMC,0.007253494
001i000000NuQtW,0.007253494
001i000000NuPX1,0.0068439203
001i000000NuNVy,0.0031689769
001i000000NuOyG,0.0011212401
001i000000NuODn,0.0020460647
001i000000NuPMc,0.0028129485
001i000000NuNfi,0.0037586244
001i000000LhyWb,0.842781
001i000000NuOYp,0.0038517704
001i000000NuSoW,0.010572075
001i000000NuRGV,0.01154153
001i000000NuSAF,0.002394027
001i000000NuPTH,0.17157872
001i000000NuRUF,0.007846202
001i000000NuPHQ,0.008790315
001i000000LhyTy,0.8461589
001i000000NuQkD,0.007697828
001i000000NuPCq,0.006859696
001i000000NuRlj,0.002394027
001i000000NuOBF,0.004146102
001i000000NuRDn,0.0055771135
001i000000NuN7r,0.006349891
001i000000eltWp,0.007253494
001i000000NuNxR,0.0031333284
001i000000Li95g,0.002394027
001i000000NuRIi,0.0063352794
001i000000NuP6X,0.0011212401
001i000000NuNdO,0.002394027
001i000000NuOEe,0.0020460647
001i000000NuO4a,0.014586663
001i000000NuR4k,0.002394027
001i000000Zt6yh,0.007253494
001i000000NuRhv,0.002394027
001i000000NuPci,0.0055664605
001i000000NuP7h,0.0068439203
001i000000NuQwD,0.002394027
001i000000NuQPg,0.0058977185
001i000000NuQ38,0.0064828163
001i000000NuQzN,0.002394027
001i000000NuPMN,0.009293907
001i000000MJzYj,0.002394027
001i000000NuQRG,0.00637396
001i000000NuQ4Y,0.006859696
001i000000NuRQH,0.002394027
001i000000NuPoc,0.0029962612
001i000000NuS6U,0.002394027
001i000000NuOsC,0.0028620292
001i000000LhyYY,0.6369318
001i000000NuO7C,0.002129059
001i000000NuOI1,0.001796823
001i000000NuNdb,0.0015362011
001i000000NuOSY,0.001662655
001i000000MJzWQ,0.0055771135
001i000000LhyVc,0.86422265
001i000000NuOHD,0.004408807
001i000000LhyRY,0.8452566
001i000000MJzYX,0.002394027
001i000000NuRO3,0.008758431
001i000000NuQtA,0.007253494
001i000000NuQM8,0.006859696
001i000000NuRdS,0.002394027
001i000000oks27,0.0072136014
001i000000NuQJ4,0.0060137487
001i000000LhyQh,0.88171256
001i000000MJzYr,0.007253494
001i000000NuR5r,0.006859696
001i000000NuOkc,0.0020460647
001i000000NuPyE,0.0068439203
001i000000NuPz9,0.0068439203
001i000000MJzZW,0.002394027
001i000000NuOHF,0.0019602655
001i000000NuRiK,0.002394027
001i000000LhydS,0.6369318
001i000000NuO7B,0.004838294
001i000000NuOBC,0.0034971614
001i000000NuOGC,0.011206026
001i000000MJzYZ,0.002394027
001i000000NuOwc,0.0033014573
001i000000NuRZ6,0.002394027
001i000000NuNWR,0.0007134794
001i000000NuPtD,0.0068439203
001i000000LhyRV,0.8388934
001i000000NuRxY,0.002394027
001i000000NuOej,0.0012258604
001i000000NuPkt,0.007253494
001i000000NuOmX,0.020258324
001i000000NuRir,0.002394027
001i000000NuOut,0.21083541
001i000000MJzXV,0.0028129485
001i000000NuOoM,0.001800986
001i000000NuPRp,0.0011212401
001i000000NuPdn,0.0028194592
001i000000NuS7L,0.002394027
001i000000NuNvB,0.004384807
001i000000NuP5U,0.009293907
001i000000NuO3T,0.00506159
001i000000NuOmT,0.001662655
001i000000NuOAl,0.0008385757
001i000000NuSpb,0.011206026
001i000000NuPA4,0.002325155
001i000000NuPVL,0.010572075
001i000000NuQle,0.007253494
001i000000sunvd,0.009999923
001i000000LhyRN,0.6676507
001i000000NuPbl,0.007253494
001i000000NuRFF,0.0053590955
001i000000N1vVp,0.0033014573
001i000000NuQa3,0.006349891
001i000000NuRPm,0.0068439203
001i000000NuNqa,0.0031333284
001i000000NuQ6k,0.00637396
001i000000NuRL4,0.010672676
001i000000NuPyh,0.0020460647
001i000000NuPzJ,0.007253494
001i000000NuS8e,0.002394027
001i000000NuQpu,0.0028129485
001i000000NuQMc,0.006859696
001i000000NuP3b,0.009999923
001i000000NuNWj,0.0015318774
001i000000NuRMw,0.009903472
001i000000NuPCP,0.021556675
001i000000NuQmm,0.006027623
001i000000NuNl8,0.002394027
001i000000NuRBI,0.009548417
001i000000NuQHh,0.019703958
001i000000NuOpe,0.0049610967
001i000000NuQOA,0.007253494
001i000000NuOek,0.0021691385
001i000000NuOhG,0.004146102
001i000000NuPc6,0.0059870374
001i000000NuR9T,0.0037586244
001i000000NuRYu,0.002394027
001i000000NuQWQ,0.007253494
001i000000NuR4d,0.008758431
001i000000oks1r,0.018898135
001i000000NuRF5,0.0060137487
001i000000NuP6C,0.0011212401
001i000000NuPDg,0.008790315
001i000000NuPBd,0.0016388554
001i000000LhyQv,0.9390598
001i000000NuQjz,0.006027623
001i000000NuNzw,0.009926231
001i000000NuOrt,0.0038371887
001i000000NuP6V,0.0009845447
001i000000NuP11,0.0068439203
001i000000NuO1l,0.004649484
001i000000NuO6K,0.009976998
001i000000NuPW7,0.0055771135
001i000000NuRLL,0.0103267
001i000000NuPmF,0.00671462
001i000000NuOdm,0.003960562
001i000000NuO4l,0.006027623
001i000000NuR3s,0.002394027
001i000000NuRcp,0.002394027
001i000000NuQaF,0.049633417
001i000000NuPkN,0.0028129485
001i000000NuRCy,0.007253494
001i000000NuPhs,0.009999923
001i000000NuRb8,0.002394027
001i000000NuOpM,0.0025567391
001i000000NuQE4,0.0030540775
001i000000NuQJS,0.00247624
001i000000NuPz4,0.0028129485
001i000000dW8Gx,0.00637396
001i000000NuRHb,0.0068439203
001i000000NuQGE,0.0029893436
001i000000NuQwY,0.002394027
001i000000NuPm4,0.007253494
001i000000NuQh7,0.0055771135
001i000000MJzWm,0.00228526
001i000000NuRHm,0.007253494
001i000000MJzVR,0.007253494
001i000000NuPd7,0.001662655
001i000000NuOPc,0.0008385757
001i000000NuNga,0.002394027
001i000000NuQ7h,0.006859696
001i000000NuOKJ,0.0019049331
001i000000NuNxo,0.0021697546
001i000000NuPOX,0.033368185
001i000000NuQpP,0.009237672
001i000000NuNcI,0.0033014573
001i000000NuPkD,0.0068439203
001i000000Lhyb1,0.73392487
001i000000NuQNS,0.0033014573
001i000000NuOkb,0.006859696
001i000000NuNYS,0.0021691385
001i000000NuRJa,0.0129057765
001i000000NuRUM,0.01103408
001i000000aUDw5,0.002394027
001i000000NuO92,0.007038276
001i000000NuQ1u,0.010672676
001i000000NuPER,0.005356214
001i000000bUJa6,0.0055771135
001i000000NuQ5T,0.016329149
001i000000NuPHU,0.004058181
001i000000oks21,0.02085779
001i000000NuQKJ,0.007253494
001i000000NuNnp,0.001796823
001i000000NuRAK,0.0068439203
001i000000NuP6i,0.0022689656
001i000000NuNeL,0.0037586244
001i000000NuS9P,0.002394027
001i000000NuOC1,0.007253494
001i000000NuNme,0.0018977075
001i000000NuQFw,0.0060137487
001i000000LhyWh,0.89608717
001i000000NuRo7,0.002394027
001i000000NuRka,0.002394027
001i000000NuQ7r,0.0060137487
001i000000NuQzk,0.002394027
001i000000NuPQp,0.006859696
001i000000NuOKM,0.0018476809
001i000000NuP35,0.002050804
001i000000NuPSL,0.00637396
001i000000LhyYP,0.87132615
001i000000NuPZC,0.0068439203
001i000000NuPy7,0.013791149
001i000000LhySv,0.9312001
001i000000Li857,0.002394027
001i000000NuNkE,0.004146102
001i000000NuRF7,0.00637396
001i000000NuQU0,0.0055771135
001i000000NuQad,0.007253494
001i000000NuNvb,0.0015803281
001i000000NuO35,0.014586663
001i000000NuP1h,0.0026315765
001i000000NuQHO,0.00637396
001i000000NuR2F,0.007945744
001i000000NuO7k,0.012829425
001i000000NuQmT,0.0064828163
001i000000NuQf1,0.002394027
001i000000NuQkt,0.00637396
001i000000NuOIr,0.0008385757
001i000000NuR4f,0.0079377955
001i000000NuR7A,0.07716463
001i000000NuPbO,0.0011212401
001i000000NuRNL,0.0068439203
001i000000MJzVx,0.0055664605
001i000000NuOoI,0.0021691385
001i000000NuPZT,0.0068439203
001i000000NuRVN,0.007253494
001i000000NuROB,0.007253494
001i000000NuPQ1,0.007253494
001i000000NuNru,0.00813501
001i000000NuOqX,0.0011212401
001i000000NuP1B,0.0035633028
001i000000NuP4g,0.0020460647
001i000000NuQkT,0.0028129485
001i0000018BZUr,0.0068439203
001i000000NuOV3,0.014586663
001i000000Li955,0.002394027
001i000000NuQey,0.0064828163
001i000000NuQSc,0.0055664605
001i000000NuQ9Y,0.0037586244
001i000000NuSAQ,0.002394027
001i000000NuNZa,0.002394027
001i000000NuOTO,0.007253494
001i000000NuRft,0.002394027
001i000000NuS1K,0.002394027
001i000000NuOwl,0.001796823
001i000000NuP6F,0.0022689656
001i000000NuR2n,0.002394027
001i000000NuRYn,0.002394027
001i000000NuOUb,0.0019049331
001i000000NuQBm,0.7730499
001i000000NuO96,0.0024296043
001i000000NuOTo,0.0019588452
001i000000NuPx9,0.005267047
001i000000NuNkx,0.0048633935
001i000000MJzWf,0.0024705199
001i000000NuQOV,0.00637396
001i000000NuRjp,0.002394027
001i000000NuO1O,0.008119511
001i000000NuP37,0.0021691385
001i000000NuQiz,0.006859696
001i000000NuROc,0.0038996525
001i000000NuOLV,0.002050804
001i000000NuNuG,0.0021691385
001i000000NuR6P,0.00813501
001i000000NuR8y,0.6938687
001i000000NuPdT,0.0033014573
001i000000NuNaW,0.0037586244
001i000000NuNcJ,0.014615279
001i000000NuONZ,0.0121366065
001i000000NuQot,0.0068551274
001i000000NuO6h,0.0047751884
001i000000NuRnE,0.002394027
001i000000NuPBG,0.0010593013
001i000000NuR3E,0.002394027
001i000000NuNqG,0.0016263261
001i000000NuRbu,0.002394027
001i000000Li95T,0.002394027
001i000000NuPam,0.006859696
001i000000NuQeh,0.005682492
001i000000NuQjH,0.0058977185
001i000000NuOvN,0.0011212401
001i000000NuR3W,0.0065849135
001i000000oks2W,0.01729648
001i000000NuRFx,0.0060137487
001i000000NuPz7,0.0060137487
001i000000NuQer,0.007253494
001i000000NuOvu,0.0021691385
001i000000NuR4b,0.010572075
001i000000NuQp3,0.0068439203
001i000000LhyTN,0.8881046
001i000000NuRlr,0.002394027
001i000000NuOZq,0.002475251
001i000000LhyUz,0.895913
001i000000NuNt1,0.0013819285
001i000000MJzVE,0.006859696
001i000000NuOyJ,0.0019926254
001i000000NuNlW,0.00070488884
001i000000NuR7h,0.00637396
001i000000NuRGA,0.011935462
001i000000NuQV7,0.0026578067
001i000000NuQX2,0.032926735
001i000000NuPHf,0.007253494
001i000000NuOhW,0.0038517704
001i000000em8pf,0.0033014573
001i000000NuQXP,0.0037586244
001i000000NuPia,0.0060137487
001i000000NuRBY,0.007253494
001i000000NuQqR,0.0064828163
001i000000NuNhP,0.007253494
001i000000NuNdS,0.002394027
001i000000MJzTo,0.006859696
001i000000NuOHm,0.004649484
001i000000NuQcu,0.0129057765
001i000000NuNhu,0.002394027
001i000000NuQah,0.007253494
001i000000NuRng,0.002394027
001i000000LhyaZ,0.8908157
001i000000NuQvz,0.002394027
001i000000NuR5y,0.002394027
001i000000NuRyE,0.002394027
001i000000NuOj6,0.0018519617
001i000000NuQZO,0.006859696
001i000000NuNog,0.008770138
001i000000NuR9M,0.009169544
001i000000cCHx7,0.002394027
001i000000NuP9a,0.25025234
001i000000NuRCT,0.007253494
001i000000NuOad,0.0021691385
001i000000NuP7Q,0.0055664605
001i000000MKXh1,0.0028129485
001i000000NuO6i,0.0048207026
001i000000NuPvi,0.007253494
001i000000NuS3a,0.002394027
001i000000NuO9j,0.0036335741
001i000000LhyaW,0.95717895
001i000000NuOfV,0.0015042752
001i000000NuPsk,0.007253494
001i000000NuO6Q,0.0027059976
001i000000NuQZ6,0.007253494
001i000000NuQDr,0.0063352794
001i000000NuPM7,0.0026190584
001i000000NuPac,0.007253494
001i000000NuRzO,0.002394027
001i000000NuPpP,0.0028245004
001i000000NuRJX,0.012180959
001i000000NuRI3,0.0042758794
001i000000NuQXX,0.0068439203
001i000000NuQnN,0.002394027
001i000000NuOdu,0.007253494
001i000000NuOOZ,0.0023692474
001i000000NuO4C,0.0041083214
001i000000NuNdJ,0.0030540775
001i000000NuOml,0.013768759
001i000000NuO0G,0.004384807
001i000000NuRia,0.002394027
001i000000NuOqr,0.0011212401
001i000000NuQhG,0.006859696
001i000000NuNlv,0.00637396
001i000000NuRO0,0.0060137487
001i000000MJzUX,0.002394027
001i000000NuOfZ,0.004384807
001i000000LhySy,0.8647534
001i000000LhyUD,0.91461027
001i000000NuO18,0.0033627187
001i000000NuREv,0.008259091
001i000000NuOlq,0.007253494
001i000000NuNcp,0.004384807
001i000000NuOfW,0.001800986
001i000000NuP2D,0.0017202097
001i000000NuPuU,0.0068439203
001i000000NuQBK,0.0063352794
001i000000NuOkh,0.003360511
001i000000NuOyz,0.0011212401
001i000000NuOK2,0.002050804
001i000000NuRbX,0.002394027
001i000000NuOvs,0.012797181
001i000000NuPuO,0.0055771135
001i000000NuQxh,0.002394027
001i000000NuNm1,0.006349891
001i000000NuO0k,0.004146102
001i000000oks2j,0.015521483
001i000000NuOba,0.0019588452
001i000000NuOql,0.0028129485
001i000000MJzUo,0.006859696
001i000000NuRj2,0.002394027
001i000000NuOEV,0.33751306
001i000000NuQLu,0.007253494
001i000000NuPCY,0.014586663
001i000000NuNtW,0.010572075
001i000000NuQY9,0.00671462
001i000000NuRCv,0.0129057765
001i000000NuQsh,0.0064828163
001i000000NuNhZ,0.00075885264
001i000000NuOaz,0.0021691385
001i000000NuRda,0.002394027
001i000000Lhyce,0.6742667
001i000000NuNtk,0.012108842
001i000000NuRPy,0.0068439203
001i000000NuQfz,0.004838294
001i000000NuSon,0.010599934
001i000000NuQz5,0.002394027
001i000000NuRsJ,0.002394027
001i000000NuPMD,0.006859696
001i000000NuQL9,0.0041083214
001i000000NuQVH,0.007253494
001i000000NuOXJ,0.0019588452
001i000000NuPGT,0.0037586244
001i000000MJzVZ,0.0055642705
001i000000NuOw5,0.0019049331
001i000000NuRzv,0.002394027
001i000000NuOAP,0.0011006115
001i000000NuP3n,0.0019588452
001i000000NuQeu,0.0068439203
001i000000NuQWO,0.006859696
001i000000NuQ3R,0.0068551274
001i000000NuOeD,0.0029962612
001i000000NuQZs,0.0068439203
001i000000MJza1,0.002394027
001i000000NuRyU,0.002394027
001i000000NuOcu,0.0019588452
001i000000NuRfK,0.002394027
001i000000NuNXm,0.010572075
001i000000NuP4r,0.003828337
001i000000NuNsd,0.010572075
001i000000NuPGl,0.0019376148
001i000000NuQog,0.19821806
001i000000LhydI,0.93055063
001i000000NuQHQ,0.006859696
001i000000NuRAi,0.0055642705
001i000000NuQ5r,0.006859696
001i000000NuNkt,0.002394027
001i000000NuPbh,0.007253494
001i000000NuOsD,0.0016974516
001i000000NuPqi,0.002886622
001i000000NuR7P,0.006859696
001i000000NuOsq,0.008041852
001i000000NuQkI,0.005592369
001i000000NuS2C,0.002394027
001i000000NuPn6,0.006859696
001i000000NuR8V,0.014624945
001i000000NuNgC,0.0019588452
001i000000NuQY0,0.01103408
001i000000NuQCM,0.002394027
001i000000N1vMU,0.002394027
001i000000NuRGi,0.009936151
001i000000NuNdi,0.010572075
001i000000NuPgI,0.002394027
001i000000NuPVD,0.0018476809
001i000000MJzap,0.002394027
001i000000NuQFd,0.006859696
001i000000NuOCg,0.0018476809
001i000000NuNYY,0.006859696
001i000000NuQA8,0.010572075
001i000000NuPUj,0.0058977185
001i000000NuRGh,0.007253494
001i000000NuOL3,0.0025567391
001i000000NuOd9,0.010572075
001i000000LhybW,0.7585554
001i000000NuPZ6,0.007253494
001i000000NuOKH,0.006851424
001i000000NuQOX,0.007585532
001i000000NuPYz,0.006859696
001i000000NuR3I,0.002394027
001i000000LhyYF,0.8741822
001i000000NuNzV,0.004146102
001i000000NuRIf,0.0064828163
001i000000NuRNI,0.00637396
001i000000NuO14,0.0016658494
001i000000aUDyF,0.002394027
001i000000NuRSd,0.01183795
001i000000NuQOp,0.007253494
001i000000NuRrJ,0.002394027
001i000000NuQQI,0.0037586244
001i000000NuOkJ,0.00637396
001i000000NuNSJ,0.002050804
001i000000NuPA5,0.014586663
001i000000NuQZi,0.0063352794
001i000000NuOKL,0.001800986
001i000000NuPT5,0.0101710735
001i000000oks38,0.019969141
001i000000NuOvp,0.0021691385
001i000000NuRLt,0.12859964
001i000000NuOnD,0.001796823
001i000000NuSod,0.014624945
001i000000NuOjm,0.009452157
001i000000NuRla,0.002394027
001i000000NuNVz,0.0016974516
001i000000NuOWO,0.0018519617
001i000000NuNx0,0.008332042
001i000000NuOwX,0.0023068695
001i000000NuOhp,0.0041365405
001i000000NuRZC,0.002394027
001i000000NuPWE,0.00637396
001i000000NuRNb,0.009859655
001i000000aTTlu,0.0055771135
001i000000NuPdR,0.002394027
001i000000NuPVu,0.0054870886
001i000000NuRqf,0.002394027
001i000000NuPPZ,0.0033014573
001i000000NuPAO,0.001997241
001i000000NuQc5,0.007253494
001i000000NuRix,0.002394027
001i000000NuQsq,0.007253494
001i000000NuPpK,0.011935462
001i000000NuNs2,0.004384807
001i000000NuQcG,0.007253494
001i000000NuQyK,0.002394027
001i000000NuPse,0.006467901
001i000000NuOmQ,0.001796823
001i000000NuS9O,0.002394027
001i000000NuPwY,0.007253494
001i000000NuNb1,0.0037586244
001i000000NuOGl,0.009999923
001i000000NuPio,0.0048207026
001i000000NuPf7,0.0019049331
001i000000LhyVt,0.89608717
001i000000NuOTC,0.004384807
001i000000NuNxN,0.007253494
001i000000NuNuT,0.012829425
001i000000NuPzC,0.0020460647
001i000000NuSpU,0.0054870886
001i000000NuQLF,0.007253494
001i000000NuR6o,0.007253494
001i000000NuOe0,0.007253494
001i000000NuPMa,0.0024705199
001i000000NuOJZ,0.0044196118
001i000000NuQnJ,0.01103408
001i000000NuOM6,0.0020072258
001i000000oks12,0.01759247
001i000000NuRl7,0.002394027
001i000000NuR6N,0.010572075
001i000000NuNgK,0.002394027
001i000000NuR1I,0.013746334
001i000000NuPeh,0.0055771135
001i000000NuQO2,0.0064828163
001i000000NuQt5,0.0063352794
001i000000NuQvw,0.0047786543
001i000000NuNWo,0.004084404
001i000000NuQh8,0.007253494
001i000000NuQU9,0.0030604913
001i000000NuQY3,0.0033014573
001i000000NuRKf,0.002394027
001i000000NuQ1V,0.006859696
001i000000em0X4,0.00637396
001i000000NuOTF,0.0021691385
001i000000NuOgH,0.0020460647
001i000000NuRDG,0.022591144
001i000000NuOTz,0.0008385757
001i000000NuQcW,0.0024705199
001i000000NuQFR,0.0029820136
001i000000NuR3Y,0.010413271
001i000000NuRwV,0.002394027
001i000000NuQnh,0.007253494
001i000000NuQkQ,0.0028129485
001i000000Li94P,0.008566224
001i000000NuPdY,0.0064828163
001i000000NuRbd,0.002394027
001i000000NuPLC,0.030323986
001i000000NuQ0d,0.006859696
001i000000NuOpj,0.0027833285
001i000000NuOgM,0.0020460647
001i000000NuONF,0.004384807
001i000000NuOwK,0.0021691385
001i000000NuNte,0.002050804
001i000000NuS5O,0.002394027
001i000000NuPL8,0.007253494
001i000000NuQB2,0.0064828163
001i000000NuRjl,0.002394027
001i000000NuNyz,0.001800986
001i000000LhyQa,0.85929835
001i000000NuNc1,0.0033014573
001i000000NuNwN,0.002050804
001i000000NuPEf,0.0009845447
001i000000NuNeu,0.0037586244
001i000000NuQe5,0.007253494
001i000000em0YR,0.0058977185
001i000000NuQTc,0.0028129485
001i000000NuQIZ,0.00247624
001i000000NuRNn,0.010734975
001i000000NuQBk,0.24322544
001i000000LhyUs,0.94365025
001i000000NuQOd,0.00637396
001i000000NuS9Y,0.002394027
001i000000NuPIC,0.0021241393
001i000000LhyY4,0.6369318
001i000000NuPKX,0.0055771135
001i000000NuRfr,0.002394027
001i000000NuQ23,0.002394027
001i000000NuRBv,0.028703395
001i000000Li959,0.002394027
001i000000NuOuF,0.0034971614
001i000000NuRf1,0.002394027
001i000000NuRXO,0.002394027
001i000000NuPEA,0.004384807
001i000000NuRVU,0.009936151
001i000000NuRFJ,0.011935462
001i000000NuPNC,0.0063352794
001i000000NuOjW,0.009293907
001i000000NuOv8,0.0016658494
001i000000NuOAG,0.0021691385
001i000000MJzWD,0.0060137487
001i000000NuOCw,0.14075275
001i000000NuPQk,0.0068439203
001i000000NuO2e,0.0041083214
001i000000NuPsT,0.007253494
001i000000NuO9p,0.0059314147
001i000000NuOrH,0.001800986
001i000000NuR3H,0.008752609
001i000000NuNuo,0.0018933213
001i000000NuRl5,0.002394027
001i000000NuOTe,0.0021941147
001i000000NuQU6,0.007253494
001i000000NuPoB,0.0068439203
001i000000NuPs1,0.0068439203
001i000000aUDxW,0.002394027
001i000000NuNwn,0.0037448655
001i000000NuRqw,0.002394027
001i000000NuQj1,0.007253494
001i000000NuOsV,0.0054870886
001i000000NuOEQ,0.3249403
001i000000NuPMn,0.007253494
001i000000NuQ7G,0.004146102
001i000000NuQm3,0.0064828163
001i000000NuNqQ,0.010572075
001i000000NuR3e,0.013746334
001i000000NuNTX,0.033368185
001i000000NuPvW,0.007253494
001i000000NuO0o,0.0017742873
001i000000NuO7H,0.014586663
001i000000NuOIy,0.001745683
001i000000NuNZL,0.002394027
001i000000oks20,0.012627398
001i000000NuQIY,0.0028129485
001i000000NuOMh,0.004146102
001i000000NuPlU,0.00228526
001i000000NuPZF,0.007253494
001i000000NuP9r,0.004384807
001i000000NuPH3,0.0009845447
001i000000NuQwo,0.002394027
001i000000NuPrW,0.0029820136
001i000000NuPX2,0.0048207026
001i000000NuNyN,0.16445702
001i000000NuP1k,0.005293658
001i000000NuQ8n,0.0051502404
001i000000NuPjf,0.0068439203
001i000000NuRdw,0.002394027
001i000000NuQKd,0.0068439203
001i000000NuRX1,0.0035956146
001i000000NuS6M,0.002394027
001i000000NuOXO,0.010572075
001i000000NuQ8Y,0.006467901
001i000000MJzbk,0.002394027
001i000000NuRdt,0.002394027
001i000000NuOdr,0.001796823
001i000000NuOwT,0.0041365405
001i000000NuQRP,0.006859696
001i000000NuQaJ,0.006027623
001i000000NuRCi,0.010817254
001i000000NuPzi,0.006859696
001i000000NuQ3S,0.007253494
001i000000NuNqk,0.014586663
001i000000LiKyq,0.002394027
001i000000NuOC7,0.006859696
001i000000NuNy5,0.015573673
001i000000NuQWo,0.09236906
001i000000NuQ1e,0.010672676
001i000000NuPv7,0.0055771135
001i000000NuRld,0.002394027
001i000000NuOWH,0.0017202097
001i000000NuP1N,0.0021691385
001i000000NuRCF,0.006859696
001i000000NuQEO,0.007253494
001i000000NuQjh,0.0037785803
001i000000NuOwW,0.0019049331
001i000000NuNYw,0.002394027
001i000000NuQNX,0.0064828163
001i000000NuPBi,0.001800986
001i000000NuQ1Z,0.006859696
001i000000NuRz2,0.002394027
001i000000NuRyb,0.0051516304
001i000000NuP3e,0.0026997481
001i000000NuNtn,0.0019049331
001i000000NuRQW,0.007253494
001i000000NuRlN,0.002394027
001i000000NuQYh,0.007253494
001i000000NuOJg,0.0021691385
001i000000NuObP,0.0021691385
001i000000NuPnV,0.00637396
001i000000NuQDU,0.007253494
001i000000NuPx7,0.007253494
001i000000NuPTZ,0.0009845447
001i000000LhyZo,0.7747741
001i000000NuOos,0.0020460647
001i000000NuPLU,0.0033014573
001i000000NuPJN,0.01841767
001i000000NuQkH,0.01103408
001i000000NuNu0,0.052827165
001i000000NuNVb,0.0020383107
001i000000NuQrY,0.007253494
001i000000NuPmN,0.0055664605
001i000000NuPfA,0.0019376148
001i000000NuRXc,0.002394027
001i000000NuPCi,0.0068439203
001i000000NuQxn,0.002394027
001i000000NuRJL,0.009351759
001i000000NuRKD,0.0129057765
001i000000NuP4L,0.004146102
001i000000oks2D,0.0143573675
001i000000NuQjZ,0.007253494
001i000000NuQ3a,0.0064828163
001i000000NuOc1,0.0034971614
001i000000NuNck,0.0033014573
001i000000NuQAA,0.0034971614
001i000000NuOZN,0.31400388
001i000000NuOWf,0.0017013848
001i000000NuOFp,0.004838294
001i000000NuQMN,0.0024705199
001i000000NuPIj,0.0022689656
001i000000NuOk3,0.01931523
001i000000NuR2V,0.002394027
001i000000NuOm9,0.001796823
001i000000NuOhC,0.008716674
001i000000NuQ6b,0.0019153858
001i000000NuOSn,0.0017202097
001i000000NuPTD,0.010572075
001i000000NuRB1,0.015367145
001i000000NuQSh,0.006859696
001i000000MJzTi,0.002394027
001i000000NuP5a,0.0011212401
001i000000NuRLG,0.008840567
001i000000NuRO5,0.007253494
001i000000NuOcc,0.004146102
001i000000NuQGv,0.0059870374
001i000000aTTEn,0.0055771135
001i000000NuPr0,0.007253494
001i000000NuQy2,0.002394027
001i000000NuRjw,0.002394027
001i000000NuP0h,0.0064828163
001i000000NuOuB,0.0022689656
001i000000NuS4u,0.002394027
001i000000NuRzm,0.002394027
001i000000NuNbz,0.0068551274
001i000000NuRWn,0.01049421
001i000000NuNvt,0.014586663
001i000000NuQXb,0.007253494
001i000000NuP6j,0.0009845447
001i000000NuQIS,0.007253494
001i000000NuOT5,0.0020494314
001i000000NuP76,0.0022689656
001i000000NuNXA,0.0007134794
001i000000NuQu9,0.0068439203
001i000000Li96C,0.002394027
001i000000MJzYD,0.002394027
001i000000NuOHd,0.001800986
001i000000NuRDK,0.0129057765
001i000000MKXga,0.007253494
001i000000NuORB,0.0020460647
001i000000NuQJO,0.007253494
001i000000NuOvX,0.004384807
001i000000NuRIP,0.012302321
001i000000NuQpQ,0.006859696
001i000000NuPdU,0.0068439203
001i000000MJzZ6,0.006027623
001i000000NuRNT,0.007253494
001i000000NuPLy,0.0046625664
001i000000NuOtQ,0.004408807
001i000000NuNmy,0.004384807
001i000000NuOXA,0.0068439203
001i000000NuPus,0.0068439203
001i000000NuRWd,0.09110804
001i000000NuPX5,0.0041083214
001i000000NuNYH,0.002394027
001i000000NuP8v,0.009293907
001i000000NuOlc,0.0019376148
001i000000NuR4R,0.002394027
001i000000NuQED,0.0068439203
001i000000NuNn4,0.004786219
001i000000NuQk6,0.007253494
001i000000MJzaX,0.002394027
001i000000NuPtL,0.006027623
001i000000NuNwA,0.0041083214
001i000000NuPq4,0.006859696
001i000000NuQce,0.0033014573
001i000000NuQ8R,0.00637396
001i000000NuPB3,0.0013311241
001i000000NuRi6,0.002394027
001i000000NuQXO,0.0059870374
001i000000aUDxH,0.002394027
001i000000NuPLS,0.0063352794
001i000000NuQ8m,0.007253494
001i000000oks4A,0.015475375
001i000000NuOLe,0.002504465
001i000000NuPL5,0.006859696
001i000000NuQtg,0.0063352794
001i000000MJzUZ,0.002394027
001i000000NuQHV,0.0055664605
001i000000MJzZm,0.002394027
001i000000NuNrL,0.0015911245
001i000000NuOcd,0.0018519617
001i000000NuQBC,0.007253494
001i000000Lhyaj,0.90103996
001i000000NuQRt,0.014408605
001i000000NuP3y,0.0025641029
001i000000NuRib,0.002394027
001i000000NuP7J,0.0021941147
001i000000NuRJd,0.011348701
001i000000NuOAN,0.0028620292
